QUERY_SUBJECT;FIELD;FOLDER;ROLE
TEC_DEGRADED_DATA;ENT_ID;;Field
TEC_DEGRADED_DATA;STTM_DT;;Field
TEC_DEGRADED_DATA;HOST_AGMT_ID;;Field
TEC_DEGRADED_DATA;MARRED_AGMT_ID;;Field
TEC_DEGRADED_DATA;ACCNTG_RESPONSABL_CTR_CD;;Field
TEC_DEGRADED_DATA;AGMT_ASSET_LEAS_PRCH_LKLHOOD_CD;;Field
TEC_DEGRADED_DATA;AGMT_ASSET_LEAS_RSDUL_AMT_CURY_CD;;Field
TEC_DEGRADED_DATA;AGMT_GRNLT_CD;;Field
TEC_DEGRADED_DATA;AGMT_INIT_CURY_CD;;Field
TEC_DEGRADED_DATA;AGMT_SBTYPE_CD;;Field
TEC_DEGRADED_DATA;ASSET_ASESMT_METH_CD;;Field
TEC_DEGRADED_DATA;ASSET_MORTG_VAL_AMT_CURY_CD;;Field
TEC_DEGRADED_DATA;BSL_II_APRCH_TYPE_CD;;Field
TEC_DEGRADED_DATA;BUSN_LN_CD;;Field
TEC_DEGRADED_DATA;DBTFL_DEBT_IND;;Field
TEC_DEGRADED_DATA;DFLT_IND;;Field
TEC_DEGRADED_DATA;EXPSR_NATR_CD;;Field
TEC_DEGRADED_DATA;EXPSR_SBTYPE_CD;;Field
TEC_DEGRADED_DATA;IFRS9_BCKT_OUTST_RANK_CD;;Field
TEC_DEGRADED_DATA;IMPARD_SCURTY_IND;;Field
TEC_DEGRADED_DATA;INTRAGRP_LVL_CD;;Field
TEC_DEGRADED_DATA;INTRAGRP_ROLE_CD;;Field
TEC_DEGRADED_DATA;LAST_ASESMT_ASSET_MKT_VAL_CURY_CD;;Field
TEC_DEGRADED_DATA;LEGL_CMPLI_IND;;Field
TEC_DEGRADED_DATA;LOCL_CALCD_RGLTRY_BASE_AMT_CURY_CD;;Field
TEC_DEGRADED_DATA;MKT_TYPE_CD;;Field
TEC_DEGRADED_DATA;OPRTN_NATR_CD;;Field
TEC_DEGRADED_DATA;PONDERATION_ASSETS_CLAS_CD;;Field
TEC_DEGRADED_DATA;PRCH_INTNT_CD;;Field
TEC_DEGRADED_DATA;REAL_ESTAT_DEST_CD;;Field
TEC_DEGRADED_DATA;RWA_ENGN_CD;;Field
TEC_DEGRADED_DATA;SCURTY_NUM;;Field
TEC_DEGRADED_DATA;SRC_CD;;Field
TEC_DEGRADED_DATA;UNDRLY_INVSTMT_PROD_NATR_CD;;Field
TEC_DEGRADED_DATA;AGMT_ASSET_LEAS_RSDUL_AMT;;Field
TEC_DEGRADED_DATA;AGMT_ASSET_LEAS_RSDUL_EURO_AMT;;Field
TEC_DEGRADED_DATA;ASSET_MORTG_VAL_AMT;;Field
TEC_DEGRADED_DATA;ASSET_MORTG_VAL_EURO_AMT;;Field
TEC_DEGRADED_DATA;CR_CNVRSN_RATE;;Field
TEC_DEGRADED_DATA;LAST_ASESMT_ASSET_MKT_VAL_AMT;;Field
TEC_DEGRADED_DATA;LAST_ASESMT_ASSET_MKT_VAL_EURO_AMT;;Field
TEC_DEGRADED_DATA;LOCL_CALCD_RGLTRY_BASE_AMT;;Field
TEC_DEGRADED_DATA;LOCL_CALCD_RGLTRY_BASE_EURO_AMT;;Field
TEC_DEGRADED_DATA;PRN_REF_EURO_AMT;;Field
TEC_DEGRADED_DATA;SCURTZN_NMNL_WTD_RATE;;Field
TEC_DEGRADED_DATA;SEC_REF_EURO_AMT;;Field
TEC_STATEMENT_DATE;STTM_DT;;Field
TEC_STATEMENT_DATE;PREV_YR_DT;;Field
TEC_STATEMENT_DATE;PREV_QTR_DT;;Field
TEC_STATEMENT_DATE;YR_CD;;Field
TEC_STATEMENT_DATE;MTH_CD;;Field
TEC_STATEMENT_DATE;MTH_DESC;;Field
TEC_STATEMENT_DATE;SEMESTER_DESC;;Field
TEC_STATEMENT_DATE;QTR_DESC;;Field
TEC_STATEMENT_DATE;SEMESTER_CD;;Field
TEC_STATEMENT_DATE;QTR_CD;;Field
TEC_AUTORIZATION;ENT_ID;;Field
TEC_AUTORIZATION;STTM_DT;;Field
TEC_AUTORIZATION;PILOT_PRTY_ID;;Field
TEC_AUTORIZATION;PRNCPAL_PRTY_ID;;Field
TEC_AUTORIZATION;AUTHZTN_ID;;Field
TEC_AUTORIZATION;PILOT_PRTY_ENT_ID;;Field
TEC_AUTORIZATION;PRNCPAL_PRTY_ENT_ID;;Field
TEC_AUTORIZATION;.PRNCPAL_PRTY_ID;;FolderRefView
TEC_AUTORIZATION;.PILOT_PRTY_ID;;FolderRefView
TEC_AUTORIZATION;MATURTY_DT;;Field
TEC_AUTORIZATION;DRWG_DEADLN_DT;;Field
TEC_AUTORIZATION;OPN_DT;;Field
TEC_AUTORIZATION;AGMT_NXT_RVSN_DT;;Field
TEC_AUTORIZATION;AGMT_ORIGNL_AMT_CURY_CD;;Field
TEC_AUTORIZATION;GLOBL_ORIGNL_AMT_CURY_CD;;Field
TEC_AUTORIZATION;EXPL_UNIT_CD;;Field
TEC_AUTORIZATION;FAC_EXPLUNIT_CD;;Field
TEC_AUTORIZATION;PILOT_EXPL_UNIT_CD;;Field
TEC_AUTORIZATION;SPL_PRPS_VEH_CENTRL_ID;;Field
TEC_AUTORIZATION;CNFRMTN_IND;;Field
TEC_AUTORIZATION;SCURTZN_TRNCH_SEL_AMT_CURY_CD;;Field
TEC_AUTORIZATION;CUR_TRNCH_CSH_PRT_AMT_CURY_CD;;Field
TEC_AUTORIZATION;CUR_TRNCH_RISK_PRT_CURY_CD;;Field
TEC_AUTORIZATION;GLOBL_UPDTD_AMT_CURY_CD;;Field
TEC_AUTORIZATION;FAC_TRNCH_ORIGNL_AMT_CURY_CD;;Field
TEC_AUTORIZATION;FAC_TRNCH_UPDTD_AMT_CURY_CD;;Field
TEC_AUTORIZATION;AGMT_GRNLT_CD;;Field
TEC_AUTORIZATION;AGMT_HIERY_CD;;Field
TEC_AUTORIZATION;EXPSR_NATR_CD;;Field
TEC_AUTORIZATION;CR_OBJT_CD;;Field
TEC_AUTORIZATION;BSL_PTFOL_CD;;Field
TEC_AUTORIZATION;POSITN_CD;;Field
TEC_AUTORIZATION;SCURTZN_TRNCH_SRY_LVL_CD;;Field
TEC_AUTORIZATION;SRC_CD;;Field
TEC_AUTORIZATION;AGMT_SBTYPE_CD;;Field
TEC_AUTORIZATION;EXPSR_SBTYPE_CD;;Field
TEC_AUTORIZATION;OPRTN_TYPE_CD;;Field
TEC_AUTORIZATION;RVSD_AMT_CURY_CD;;Field
TEC_AUTORIZATION;SYNDN_CNTRCT_ID;;Field
TEC_AUTORIZATION;INITATR_ENT_ID;;Field
TEC_AUTORIZATION;PILOT_ENT_ID;;Field
TEC_AUTORIZATION;HOST_AUTHZTN_ID;;Field
TEC_AUTORIZATION;PILOT_PRTY_LOCL_ID;;Field
TEC_AUTORIZATION;PRNCPAL_PRTY_LOCL_ID;;Field
TEC_AUTORIZATION;GRPG_ID;;Field
TEC_AUTORIZATION;SPL_PRPS_VEH_ID;;Field
TEC_AUTORIZATION;SPCFC_FAC_IND;;Field
TEC_AUTORIZATION;POSITN_CD_IND;;Field
TEC_AUTORIZATION;SRY_LVL_CD;;Field
TEC_AUTORIZATION;SYNDN_IND;;Field
TEC_AUTORIZATION;SCURTZN_IND;;Field
TEC_AUTORIZATION;FLOW_TYPE_CD;;Field
TEC_AUTORIZATION;FLOW_SCOPE;;Field
TEC_AUTORIZATION;HOST_AGMT_NUM;;Field
TEC_AUTORIZATION;MKT_TYPE_CD;;Field
TEC_AUTORIZATION;ACCNTG_RESPONSABL_CTR_CD;;Field
TEC_AUTORIZATION;PRN_REF_EURO_AMT;;Field
TEC_AUTORIZATION;SCURTZN_TRNCH_SEL_EURO_AMT;;Field
TEC_AUTORIZATION;CALCD_LNKD_AUTHZTN_LN_NB;;Field
TEC_AUTORIZATION;GLOBL_UPDTD_AMT;;Field
TEC_AUTORIZATION;CUR_TRNCH_RISK_PRT_EURO_AMT;;Field
TEC_AUTORIZATION;CUR_TRNCH_CSH_PRT_EURO_AMT;;Field
TEC_AUTORIZATION;FAC_TRNCH_UPDTD_AMT;;Field
TEC_AUTORIZATION;FAC_TRNCH_ORIGNL_AMT;;Field
TEC_AUTORIZATION;GLOBL_ORIGNL_AMT;;Field
TEC_AUTORIZATION;FAC_TRNCH_ORIGNL_EURO_AMT;;Field
TEC_AUTORIZATION;GLOBL_ORIGNL_EURO_AMT;;Field
TEC_AUTORIZATION;FAC_TRNCH_UPDTD_EURO_AMT;;Field
TEC_AUTORIZATION;GLOBL_UPDTD_EURO_AMT;;Field
TEC_AUTORIZATION;AGMT_ORIGNL_EURO_AMT;;Field
TEC_AUTORIZATION;AGMT_ORIGNL_AMT;;Field
TEC_AUTORIZATION;CUR_TRNCH_RISK_PRT_AMT;;Field
TEC_AUTORIZATION;CUR_TRNCH_CSH_PRT_AMT;;Field
TEC_AUTORIZATION;RVSD_EURO_AMT;;Field
TEC_AUTORIZATION;RVSD_AMT;;Field
TEC_AUTORIZATION;SCURTZN_TRNCH_SEL_AMT;;Field
TEC_AUTORIZATION;CUR_TRNCH_RISK_PRT_RATE;;Field
TEC_AUTORIZATION;CUR_TRNCH_CSH_PRT_RATE;;Field
TEC_CONTRACT;0_CARACTERISTIQUES GENERALES;;Folder
TEC_CONTRACT;ENT_ID;0_CARACTERISTIQUES GENERALES;Field
TEC_CONTRACT;STTM_DT;0_CARACTERISTIQUES GENERALES;Field
TEC_CONTRACT;CNTRCT_ID;0_CARACTERISTIQUES GENERALES;Field
TEC_CONTRACT;BNFRY_PRTY_ID;0_CARACTERISTIQUES GENERALES;Field
TEC_CONTRACT;GUARTR_PRTY_ID;0_CARACTERISTIQUES GENERALES;Field
TEC_CONTRACT;PRNCPAL_PRTY_ID;0_CARACTERISTIQUES GENERALES;Field
TEC_CONTRACT;BNFRY_PRTY_ENT_ID;0_CARACTERISTIQUES GENERALES;Field
TEC_CONTRACT;GUARTR_PRTY_ENT_ID;0_CARACTERISTIQUES GENERALES;Field
TEC_CONTRACT;PRNCPAL_PRTY_ENT_ID;0_CARACTERISTIQUES GENERALES;Field
TEC_CONTRACT;.BNFRY_PRTY_ID;0_CARACTERISTIQUES GENERALES;FolderRefView
TEC_CONTRACT;.GUARTR_PRTY_ID;0_CARACTERISTIQUES GENERALES;FolderRefView
TEC_CONTRACT;.PRNCPAL_PRTY_ID;0_CARACTERISTIQUES GENERALES;FolderRefView
TEC_CONTRACT;ORIGNL_MATURTY_DT;0_CARACTERISTIQUES GENERALES;Field
TEC_CONTRACT;AGMT_OPN_DT;0_CARACTERISTIQUES GENERALES;Field
TEC_CONTRACT;DBTFL_DEBT_STRT_DT;0_CARACTERISTIQUES GENERALES;Field
TEC_CONTRACT;IFRS9_ACCNTG_CLASFCN_CD;0_CARACTERISTIQUES GENERALES;Field
TEC_CONTRACT;CPTL_OUTST_AMT_CURY_CD;0_CARACTERISTIQUES GENERALES;Field
TEC_CONTRACT;EXPSR_AT_DFLT_CURY_CD;0_CARACTERISTIQUES GENERALES;Field
TEC_CONTRACT;OVRDRFT_BAL_AMT_CURY_CD;0_CARACTERISTIQUES GENERALES;Field
TEC_CONTRACT;AGMT_ASSET_LEASG_CURY_CD;0_CARACTERISTIQUES GENERALES;Field
TEC_CONTRACT;MK_TO_MKT_AMT_CURY_CD;0_CARACTERISTIQUES GENERALES;Field
TEC_CONTRACT;BORWG_LEG_MTM_AMT_CURY_CD;0_CARACTERISTIQUES GENERALES;Field
TEC_CONTRACT;LENDG_LEG_MTM_AMT_CURY_CD;0_CARACTERISTIQUES GENERALES;Field
TEC_CONTRACT;LTR_OF_CR_NMNL_AMT_CURY_CD;0_CARACTERISTIQUES GENERALES;Field
TEC_CONTRACT;UNDRWN_AMT_CURY_CD;0_CARACTERISTIQUES GENERALES;Field
TEC_CONTRACT;ENDG_LEDGR_BAL_AMT_CURY_CD;0_CARACTERISTIQUES GENERALES;Field
TEC_CONTRACT;RLTD_CUR_ACCT_BAL_CURY_CD;0_CARACTERISTIQUES GENERALES;Field
TEC_CONTRACT;AGMT_ASSET_LEAS_RSDUL_AMT_CURY_CD;0_CARACTERISTIQUES GENERALES;Field
TEC_CONTRACT;AGMT_GRNLT_CD;0_CARACTERISTIQUES GENERALES;Field
TEC_CONTRACT;PRCH_INTNT_CD;0_CARACTERISTIQUES GENERALES;Field
TEC_CONTRACT;EXPSR_NATR_CD;0_CARACTERISTIQUES GENERALES;Field
TEC_CONTRACT;OPRTN_NATR_CD;0_CARACTERISTIQUES GENERALES;Field
TEC_CONTRACT;BSL_PTFOL_CD;0_CARACTERISTIQUES GENERALES;Field
TEC_CONTRACT;ALM_PROD_CD;0_CARACTERISTIQUES GENERALES;Field
TEC_CONTRACT;FRBRNC_STS_CD;0_CARACTERISTIQUES GENERALES;Field
TEC_CONTRACT;GRR_ENGN_CD;0_CARACTERISTIQUES GENERALES;Field
TEC_CONTRACT;RWA_ENGN_CD;0_CARACTERISTIQUES GENERALES;Field
TEC_CONTRACT;PROD_TYPE_CD;0_CARACTERISTIQUES GENERALES;Field
TEC_CONTRACT;RATE_TYPE_CD;0_CARACTERISTIQUES GENERALES;Field
TEC_CONTRACT;OPRTN_DT_OUTST_AMT_CURY_CD;0_CARACTERISTIQUES GENERALES;Field
TEC_CONTRACT;OPRTN_DT_OUTST_AMT_LIABTY_ASSET_IND;0_CARACTERISTIQUES GENERALES;Field
TEC_CONTRACT;OUTST_AMT_CURY_CD;0_CARACTERISTIQUES GENERALES;Field
TEC_CONTRACT;AGMT_INIT_CURY_CD;0_CARACTERISTIQUES GENERALES;Field
TEC_CONTRACT;AUTHZTN_LN_ID;0_CARACTERISTIQUES GENERALES;Field
TEC_CONTRACT;HOST_CNTRCT_ID;0_CARACTERISTIQUES GENERALES;Field
TEC_CONTRACT;UNPD_DRWN_AMT_IND;0_CARACTERISTIQUES GENERALES;Field
TEC_CONTRACT;OFF_BAL_SHET_IND;0_CARACTERISTIQUES GENERALES;Field
TEC_CONTRACT;EFCNTE_DEBT_IND;0_CARACTERISTIQUES GENERALES;Field
TEC_CONTRACT;DBTFL_DEBT_IND;0_CARACTERISTIQUES GENERALES;Field
TEC_CONTRACT;DRWN_AMT_DFLT_STS_CD;0_CARACTERISTIQUES GENERALES;Field
TEC_CONTRACT;DFLT_IND;0_CARACTERISTIQUES GENERALES;Field
TEC_CONTRACT;TERM_PROD_CD;0_CARACTERISTIQUES GENERALES;Field
TEC_CONTRACT;BSL_PTFOL_LB;0_CARACTERISTIQUES GENERALES;Field
TEC_CONTRACT;BSL_II_APRCH_TYPE_CD;0_CARACTERISTIQUES GENERALES;Field
TEC_CONTRACT;DEBT_EFCNCY_STS_PRPS_CD;0_CARACTERISTIQUES GENERALES;Field
TEC_CONTRACT;OPRTN_NATR_LB;0_CARACTERISTIQUES GENERALES;Field
TEC_CONTRACT;FLOW_TYPE_CD;0_CARACTERISTIQUES GENERALES;Field
TEC_CONTRACT;FLOW_SCOPE;0_CARACTERISTIQUES GENERALES;Field
TEC_CONTRACT;CUR_EXTR_AGMT_ID;0_CARACTERISTIQUES GENERALES;Field
TEC_CONTRACT;MKT_TYPE_CD;0_CARACTERISTIQUES GENERALES;Field
TEC_CONTRACT;RISK_TYPE_LB;0_CARACTERISTIQUES GENERALES;Field
TEC_CONTRACT;BASE_EURO_AMT;0_CARACTERISTIQUES GENERALES;Field
TEC_CONTRACT;OUTST_AMT;0_CARACTERISTIQUES GENERALES;Field
TEC_CONTRACT;OPRTN_DT_OUTST_AMT;0_CARACTERISTIQUES GENERALES;Field
TEC_CONTRACT;LOSS_GVN_DFLT_RATE;0_CARACTERISTIQUES GENERALES;Field
TEC_CONTRACT;CPTL_OUTST_AMT;0_CARACTERISTIQUES GENERALES;Field
TEC_CONTRACT;EXPSR_AT_DFLT_EURO_AMT;0_CARACTERISTIQUES GENERALES;Field
TEC_CONTRACT;OVRDRFT_BAL_AMT;0_CARACTERISTIQUES GENERALES;Field
TEC_CONTRACT;EXPSR_AT_DFLT_AMT;0_CARACTERISTIQUES GENERALES;Field
TEC_CONTRACT;AGMT_ASSET_LEASG_AMT;0_CARACTERISTIQUES GENERALES;Field
TEC_CONTRACT;MK_TO_MKT_AMT;0_CARACTERISTIQUES GENERALES;Field
TEC_CONTRACT;BORWG_LEG_MTM_AMT;0_CARACTERISTIQUES GENERALES;Field
TEC_CONTRACT;LENDG_LEG_MTM_AMT;0_CARACTERISTIQUES GENERALES;Field
TEC_CONTRACT;LTR_OF_CR_NMNL_AMT;0_CARACTERISTIQUES GENERALES;Field
TEC_CONTRACT;UNDRWN_AMT;0_CARACTERISTIQUES GENERALES;Field
TEC_CONTRACT;ENDG_LEDGR_BAL_AMT;0_CARACTERISTIQUES GENERALES;Field
TEC_CONTRACT;RLTD_CUR_ACCT_BAL_AMT;0_CARACTERISTIQUES GENERALES;Field
TEC_CONTRACT;CR_CNVRSN_RATE;0_CARACTERISTIQUES GENERALES;Field
TEC_CONTRACT;RISK_WT_RATE;0_CARACTERISTIQUES GENERALES;Field
TEC_CONTRACT;AGMT_ASSET_LEAS_RSDUL_AMT;0_CARACTERISTIQUES GENERALES;Field
TEC_CONTRACT;1_IDENTIFICATION;;Folder
TEC_CONTRACT;BORWG_LEG_ISSUR_PRTY_ID;1_IDENTIFICATION;Field
TEC_CONTRACT;CLEARING_HOUSE_PRTY_ID;1_IDENTIFICATION;Field
TEC_CONTRACT;CVRD_THIRD_PRTY_ID;1_IDENTIFICATION;Field
TEC_CONTRACT;ISSUR_PRTY_ID;1_IDENTIFICATION;Field
TEC_CONTRACT;LENDG_LEG_ISSUR_PRTY_ID;1_IDENTIFICATION;Field
TEC_CONTRACT;UNDRLY_ISSUR_PRTY_ID;1_IDENTIFICATION;Field
TEC_CONTRACT;BORWG_LEG_ISSUR_PRTY_ENT_ID;1_IDENTIFICATION;Field
TEC_CONTRACT;CLEARING_HOUSE_PRTY_ENT_ID;1_IDENTIFICATION;Field
TEC_CONTRACT;CVRD_THIRD_PRTY_ENT_ID;1_IDENTIFICATION;Field
TEC_CONTRACT;LENDG_LEG_ISSUR_PRTY_ENT_ID;1_IDENTIFICATION;Field
TEC_CONTRACT;UNDRLY_ISSUR_PRTY_ENT_ID;1_IDENTIFICATION;Field
TEC_CONTRACT;ISSUR_PRTY_ENT_ID;1_IDENTIFICATION;Field
TEC_CONTRACT;.CLEARING_HOUSE_PRTY_ID;1_IDENTIFICATION;FolderRefView
TEC_CONTRACT;.CVRD_THIRD_PRTY_ID;1_IDENTIFICATION;FolderRefView
TEC_CONTRACT;.ISSUR_PRTY_ID;1_IDENTIFICATION;FolderRefView
TEC_CONTRACT;.LENDG_LEG_ISSUR_PRTY_ID;1_IDENTIFICATION;FolderRefView
TEC_CONTRACT;.UNDRLY_ISSUR_PRTY_ID;1_IDENTIFICATION;FolderRefView
TEC_CONTRACT;.BORWG_LEG_ISSUR_PRTY_ID;1_IDENTIFICATION;FolderRefView
TEC_CONTRACT;HEDGING_OPRTN_REF;1_IDENTIFICATION;Field
TEC_CONTRACT;ORD_NUM;1_IDENTIFICATION;Field
TEC_CONTRACT;SCURTY_ISSUR_NAME;1_IDENTIFICATION;Field
TEC_CONTRACT;NON_POSTNG_MGR_ENT_ID;1_IDENTIFICATION;Field
TEC_CONTRACT;RISK_MTGNT_AGMT_LOCL_ID;1_IDENTIFICATION;Field
TEC_CONTRACT;AGGD_AGMT_ID;1_IDENTIFICATION;Field
TEC_CONTRACT;BORWG_LEG_RECNCLN_AGREGAT_ID;1_IDENTIFICATION;Field
TEC_CONTRACT;LENDG_LEG_RECNCLN_AGREGAT_ID;1_IDENTIFICATION;Field
TEC_CONTRACT;RECNCLN_AGREGAT_ID;1_IDENTIFICATION;Field
TEC_CONTRACT;NETG_AGMT_LOCL_ID;1_IDENTIFICATION;Field
TEC_CONTRACT;MRGG_AGMT_LTR_ID;1_IDENTIFICATION;Field
TEC_CONTRACT;RECVD_RATE_ID;1_IDENTIFICATION;Field
TEC_CONTRACT;SPL_PRPS_VEH_ID;1_IDENTIFICATION;Field
TEC_CONTRACT;FLUC_RISK_ANLTCL_MODL_ID;1_IDENTIFICATION;Field
TEC_CONTRACT;MOBILIZATION_ORG_NAME;1_IDENTIFICATION;Field
TEC_CONTRACT;ASSOCD_AGMT_NUM;1_IDENTIFICATION;Field
TEC_CONTRACT;EXTR_AGMT_ID;1_IDENTIFICATION;Field
TEC_CONTRACT;HOST_CNTRCT_NUM;1_IDENTIFICATION;Field
TEC_CONTRACT;HOST_SUB_CNTRCT_NUM;1_IDENTIFICATION;Field
TEC_CONTRACT;SCURTY_NUM;1_IDENTIFICATION;Field
TEC_CONTRACT;BCK_TO_BCK_OPRTN_REF;1_IDENTIFICATION;Field
TEC_CONTRACT;HEDGING_DERVTV_OPRTN_REF;1_IDENTIFICATION;Field
TEC_CONTRACT;HEDGED_SCURTY_REF;1_IDENTIFICATION;Field
TEC_CONTRACT;2_CLASSIFICATION;;Folder
TEC_CONTRACT;AGMT_ASSET_LEAS_PRCH_LKLHOOD_CD;2_CLASSIFICATION;Field
TEC_CONTRACT;APLCTN_CD;2_CLASSIFICATION;Field
TEC_CONTRACT;PD_INT_CALCN_BSS_CD;2_CLASSIFICATION;Field
TEC_CONTRACT;RECVD_INT_CALCN_BSS_CD;2_CLASSIFICATION;Field
TEC_CONTRACT;FUNDD_ASSET_CD;2_CLASSIFICATION;Field
TEC_CONTRACT;UNDRLY_INVSTMT_PROD_STK_EXCH_CD;2_CLASSIFICATION;Field
TEC_CONTRACT;IFRS9_BCKT_OUTST_RANK_CD;2_CLASSIFICATION;Field
TEC_CONTRACT;ISSUR_CTGY_CD;2_CLASSIFICATION;Field
TEC_CONTRACT;CR_CTGY_CD;2_CLASSIFICATION;Field
TEC_CONTRACT;CNTRPRT_RSULT_DVISN_CD;2_CLASSIFICATION;Field
TEC_CONTRACT;GRADE_CTGY_CD;2_CLASSIFICATION;Field
TEC_CONTRACT;ECONMC_OPRTR_CD;2_CLASSIFICATION;Field
TEC_CONTRACT;FINC_APLCTN_CD;2_CLASSIFICATION;Field
TEC_CONTRACT;INT_CALCN_BSS_CD;2_CLASSIFICATION;Field
TEC_CONTRACT;ACCNTG_DVISN_CD;2_CLASSIFICATION;Field
TEC_CONTRACT;RSULT_DVISN_CD;2_CLASSIFICATION;Field
TEC_CONTRACT;DSTRBN_METH_CD;2_CLASSIFICATION;Field
TEC_CONTRACT;CSH_MGMT_PROD_CD;2_CLASSIFICATION;Field
TEC_CONTRACT;REF_ACCNTG_CLASFCN_CD;2_CLASSIFICATION;Field
TEC_CONTRACT;LOCL_ACCNTG_CLASFCN_CD;2_CLASSIFICATION;Field
TEC_CONTRACT;CR_CMPLEMTRY_CD;2_CLASSIFICATION;Field
TEC_CONTRACT;PROD_CMPLXY_CD;2_CLASSIFICATION;Field
TEC_CONTRACT;CNFRMTN_IND;2_CLASSIFICATION;Field
TEC_CONTRACT;BORWG_LEG_INT_CALCN_CNVTN_DY_CD;2_CLASSIFICATION;Field
TEC_CONTRACT;LENDG_LEG_INT_CALCN_CNVTN_DY_CD;2_CLASSIFICATION;Field
TEC_CONTRACT;BORWG_LEG_INT_PMT_CNVTN_DY_CD;2_CLASSIFICATION;Field
TEC_CONTRACT;LENDG_LEG_INT_PMT_CNVTN_DY_CD;2_CLASSIFICATION;Field
TEC_CONTRACT;INIT_OCPTN_TYPE_CD;2_CLASSIFICATION;Field
TEC_CONTRACT;UNDRLY_INVSTMT_PROD_CR_QLTY_CD;2_CLASSIFICATION;Field
TEC_CONTRACT;UNDRLY_INVSTMT_PROD_STD_ELGBLY_CD;2_CLASSIFICATION;Field
TEC_CONTRACT;CR_DERVTV_CVA_ELGBLY_CD;2_CLASSIFICATION;Field
TEC_CONTRACT;CR_EV_CD;2_CLASSIFICATION;Field
TEC_CONTRACT;ASESMT_FRQCY_CD;2_CLASSIFICATION;Field
TEC_CONTRACT;INIT_INDX_CD;2_CLASSIFICATION;Field
TEC_CONTRACT;FINCL_INSTM_CD;2_CLASSIFICATION;Field
TEC_CONTRACT;BUSN_LN_CD;2_CLASSIFICATION;Field
TEC_CONTRACT;PROD_LN_CD;2_CLASSIFICATION;Field
TEC_CONTRACT;CCF_IFRS9_METHDGY_CD;2_CLASSIFICATION;Field
TEC_CONTRACT;LGD_IFRS9_METHDGY_CD;2_CLASSIFICATION;Field
TEC_CONTRACT;PD_IFRS9_METHDGY_CD;2_CLASSIFICATION;Field
TEC_CONTRACT;PREPMT_RATE_IFRS9_METHDGY_CD;2_CLASSIFICATION;Field
TEC_CONTRACT;SCURTZN_POOL_WTD_METH_CD;2_CLASSIFICATION;Field
TEC_CONTRACT;ASSET_MOBILISATION_CD;2_CLASSIFICATION;Field
TEC_CONTRACT;BORWG_LEG_INT_PMT_MODALITY_CD;2_CLASSIFICATION;Field
TEC_CONTRACT;LENDG_LEG_INT_PMT_MODALITY_CD;2_CLASSIFICATION;Field
TEC_CONTRACT;RPMT_MODALITY_CD;2_CLASSIFICATION;Field
TEC_CONTRACT;SCURTZN_MODE_CD;2_CLASSIFICATION;Field
TEC_CONTRACT;ORIGNL_RTG_MODL_CD;2_CLASSIFICATION;Field
TEC_CONTRACT;PRUDNT_VALUT_EXMPTN_RSN_CD;2_CLASSIFICATION;Field
TEC_CONTRACT;UNDRLY_INVSTMT_PROD_NATR_CD;2_CLASSIFICATION;Field
TEC_CONTRACT;CR_EV_CNTXTUAL_NATR_CD;2_CLASSIFICATION;Field
TEC_CONTRACT;CLTRLZD_UCITS_NATR_CD;2_CLASSIFICATION;Field
TEC_CONTRACT;OPTN_NATR_CD;2_CLASSIFICATION;Field
TEC_CONTRACT;SCURTZN_POOL_TYPE_CD;2_CLASSIFICATION;Field
TEC_CONTRACT;FINCD_OBJT_CD;2_CLASSIFICATION;Field
TEC_CONTRACT;OPTN_PUT_CALL_TYPE_CD;2_CLASSIFICATION;Field
TEC_CONTRACT;ORIGNL_RTG_AGNCY_CD;2_CLASSIFICATION;Field
TEC_CONTRACT;PRTNR_CD;2_CLASSIFICATION;Field
TEC_CONTRACT;LOC_CTRY_CD;2_CLASSIFICATION;Field
TEC_CONTRACT;INT_OUTST_AMT_COA_CD;2_CLASSIFICATION;Field
TEC_CONTRACT;NON_EXPRD_COUPN_AMT_COA_CD;2_CLASSIFICATION;Field
TEC_CONTRACT;UNDRW_AMT_COA_CD;2_CLASSIFICATION;Field
TEC_CONTRACT;MK_TO_MKT_AMT_COA_CD;2_CLASSIFICATION;Field
TEC_CONTRACT;BORWG_LEG_MTM_AMT_COA_CD;2_CLASSIFICATION;Field
TEC_CONTRACT;LENDG_LEG_MTM_AMT_COA_CD;2_CLASSIFICATION;Field
TEC_CONTRACT;AGMT_ORIGNL_AMT_COA_CD;2_CLASSIFICATION;Field
TEC_CONTRACT;NOTL_AMT_COA_CD;2_CLASSIFICATION;Field
TEC_CONTRACT;IFRS_INVSTMT_VAL_COA_CD;2_CLASSIFICATION;Field
TEC_CONTRACT;LQDTN_PRD_20D_CD;2_CLASSIFICATION;Field
TEC_CONTRACT;LQDTN_PRD_X2_CD;2_CLASSIFICATION;Field
TEC_CONTRACT;CPTL_AMRTZN_PERIODCITY_CD;2_CLASSIFICATION;Field
TEC_CONTRACT;INT_PMT_PERIODCITY_CD;2_CLASSIFICATION;Field
TEC_CONTRACT;REASESMT_PERIODCITY_CD;2_CLASSIFICATION;Field
TEC_CONTRACT;RATE_RVW_PERIODCITY_CD;2_CLASSIFICATION;Field
TEC_CONTRACT;SCURTZN_POOL_POSITN_CD;2_CLASSIFICATION;Field
TEC_CONTRACT;LOCL_PROD_CD;2_CLASSIFICATION;Field
TEC_CONTRACT;SCURTZN_TRNCH_RTG_CD;2_CLASSIFICATION;Field
TEC_CONTRACT;UNDRLY_INVSTMT_PROD_ISIN_CD;2_CLASSIFICATION;Field
TEC_CONTRACT;ORIGNL_GRADE_SEGMT_CD;2_CLASSIFICATION;Field
TEC_CONTRACT;SCURTZN_TRNCH_SRY_LVL_CD;2_CLASSIFICATION;Field
TEC_CONTRACT;TSACTN_DRCTN_CD;2_CLASSIFICATION;Field
TEC_CONTRACT;SRC_CD;2_CLASSIFICATION;Field
TEC_CONTRACT;SCURTZN_TRNCH_RTG_SRC_CD;2_CLASSIFICATION;Field
TEC_CONTRACT;AGMT_SBTYPE_CD;2_CLASSIFICATION;Field
TEC_CONTRACT;EXPSR_SBTYPE_CD;2_CLASSIFICATION;Field
TEC_CONTRACT;INVSTMT_SBTYPE_CD;2_CLASSIFICATION;Field
TEC_CONTRACT;SCURTZN_TYPE_CD;2_CLASSIFICATION;Field
TEC_CONTRACT;DERVTV_SBTYPE_CD;2_CLASSIFICATION;Field
TEC_CONTRACT;OPTN_EXRCS_TYPE_CD;2_CLASSIFICATION;Field
TEC_CONTRACT;LOAN_TYPE_CD;2_CLASSIFICATION;Field
TEC_CONTRACT;RISK_TYPE_CD;2_CLASSIFICATION;Field
TEC_CONTRACT;CUR_RATE_TYPE_CD;2_CLASSIFICATION;Field
TEC_CONTRACT;SEL_NOTL_UOM_TYPE_CD;2_CLASSIFICATION;Field
TEC_CONTRACT;BUY_NOTL_UOM_TYPE_CD;2_CLASSIFICATION;Field
TEC_CONTRACT;BORWG_LEG_OUTST_AMT_COA_CD;2_CLASSIFICATION;Field
TEC_CONTRACT;BORWG_LEG_QUOTD_ASSET_IND;2_CLASSIFICATION;Field
TEC_CONTRACT;BORWG_LEG_RECVD_CLTRL_IND;2_CLASSIFICATION;Field
TEC_CONTRACT;BORWG_LEG_SCURTY_DESC;2_CLASSIFICATION;Field
TEC_CONTRACT;BORWG_LEG_SCURTY_IDNTFTN_TYPE_CD;2_CLASSIFICATION;Field
TEC_CONTRACT;BORWG_LEG_SCURTY_MOBILIZATION_IND;2_CLASSIFICATION;Field
TEC_CONTRACT;COUPN_NATR_CD;2_CLASSIFICATION;Field
TEC_CONTRACT;DR_ACRUD_INT_NOT_DUE_AMT_LIABTY_ASSET_IND;2_CLASSIFICATION;Field
TEC_CONTRACT;EARLY_RPMT_NATR_CD;2_CLASSIFICATION;Field
TEC_CONTRACT;LEGL_PRPTY_IND;2_CLASSIFICATION;Field
TEC_CONTRACT;LENDG_LEG_OUTST_AMT_COA_CD;2_CLASSIFICATION;Field
TEC_CONTRACT;LENDG_LEG_QUOTD_ASSET_IND;2_CLASSIFICATION;Field
TEC_CONTRACT;LENDG_LEG_RECVD_CLTRL_IND;2_CLASSIFICATION;Field
TEC_CONTRACT;LENDG_LEG_SCURTY_DESC;2_CLASSIFICATION;Field
TEC_CONTRACT;LENDG_LEG_SCURTY_IDNTFTN_TYPE_CD;2_CLASSIFICATION;Field
TEC_CONTRACT;LENDG_LEG_SCURTY_MOBILIZATION_IND;2_CLASSIFICATION;Field
TEC_CONTRACT;MK_TO_MKT_AMT_LIABTY_ASSET_IND;2_CLASSIFICATION;Field
TEC_CONTRACT;NOTC_PRD_IND;2_CLASSIFICATION;Field
TEC_CONTRACT;OPRTN_DT_OUTST_AMT_COA_CD;2_CLASSIFICATION;Field
TEC_CONTRACT;THIRD_PRTY_CNTRCTUAL_RCOGTN_IND;2_CLASSIFICATION;Field
TEC_CONTRACT;INT_CALCN_CNVTN_DY_CD;2_CLASSIFICATION;Field
TEC_CONTRACT;INT_PMT_CNVTN_DY_CD;2_CLASSIFICATION;Field
TEC_CONTRACT;HEDGING_CD;2_CLASSIFICATION;Field
TEC_CONTRACT;BUSN_LN_2_CD;2_CLASSIFICATION;Field
TEC_CONTRACT;BUSN_LN_3_CD;2_CLASSIFICATION;Field
TEC_CONTRACT;BUSN_LN_4_CD;2_CLASSIFICATION;Field
TEC_CONTRACT;BSL_II_FUNDS_USE_CD;2_CLASSIFICATION;Field
TEC_CONTRACT;INTRVNTN_DMN_CD;2_CLASSIFICATION;Field
TEC_CONTRACT;CENTRL_BNK_ELGBLY_IND;2_CLASSIFICATION;Field
TEC_CONTRACT;AGMT_STS_CD;2_CLASSIFICATION;Field
TEC_CONTRACT;GUAR_GVN_TRIGR_EV_CD;2_CLASSIFICATION;Field
TEC_CONTRACT;GRC_PRD_IND;2_CLASSIFICATION;Field
TEC_CONTRACT;OPTN_1_FMLY_CD;2_CLASSIFICATION;Field
TEC_CONTRACT;OPTN_2_FMLY_CD;2_CLASSIFICATION;Field
TEC_CONTRACT;CVRD_OPRTN_RISK_CTGY_CD;2_CLASSIFICATION;Field
TEC_CONTRACT;PD_RATE_PMT_FRQCY_CD;2_CLASSIFICATION;Field
TEC_CONTRACT;RECVD_RATE_PMT_FRQCY_CD;2_CLASSIFICATION;Field
TEC_CONTRACT;PD_RATE_ID;2_CLASSIFICATION;Field
TEC_CONTRACT;RISK_MTGNT_AGMT_IND;2_CLASSIFICATION;Field
TEC_CONTRACT;MRGG_AGMT_IND;2_CLASSIFICATION;Field
TEC_CONTRACT;NETG_AGMT_IND;2_CLASSIFICATION;Field
TEC_CONTRACT;QUOTD_ASSET_IND;2_CLASSIFICATION;Field
TEC_CONTRACT;IMPARD_ASSET_IND;2_CLASSIFICATION;Field
TEC_CONTRACT;PTRMNL_ATNM_IND;2_CLASSIFICATION;Field
TEC_CONTRACT;BCK_TO_BCK_IND;2_CLASSIFICATION;Field
TEC_CONTRACT;EARLY_RPMT_CLAUS_IND;2_CLASSIFICATION;Field
TEC_CONTRACT;RECVD_CLTRL_IND;2_CLASSIFICATION;Field
TEC_CONTRACT;CENTRLZD_CMPSTN_IND;2_CLASSIFICATION;Field
TEC_CONTRACT;SCURTZD_DEBT_IND;2_CLASSIFICATION;Field
TEC_CONTRACT;PRNCPAL_PRTY_REF_TIGRE_IND;2_CLASSIFICATION;Field
TEC_CONTRACT;CDS_SETLMT_IND;2_CLASSIFICATION;Field
TEC_CONTRACT;CR_CARD_DFRD_PMT_IND;2_CLASSIFICATION;Field
TEC_CONTRACT;DATA_FROM_CNTRCT_IND;2_CLASSIFICATION;Field
TEC_CONTRACT;SCHD_PRVDD_IND;2_CLASSIFICATION;Field
TEC_CONTRACT;PRVSNG_ELGBLY_IND;2_CLASSIFICATION;Field
TEC_CONTRACT;PUDNT_VALUT_ELGBLY_IND;2_CLASSIFICATION;Field
TEC_CONTRACT;GRNLT_IND;2_CLASSIFICATION;Field
TEC_CONTRACT;POOL_GRNLT_TYPE_CD;2_CLASSIFICATION;Field
TEC_CONTRACT;PRUDNT_VALUT_MODE_IND;2_CLASSIFICATION;Field
TEC_CONTRACT;DRWN_AMT_HIST_IND;2_CLASSIFICATION;Field
TEC_CONTRACT;SCURTY_MOBILIZATION_IND;2_CLASSIFICATION;Field
TEC_CONTRACT;RISK_LVL_CD;2_CLASSIFICATION;Field
TEC_CONTRACT;LVRAGING_OPRTN_IND;2_CLASSIFICATION;Field
TEC_CONTRACT;LEGL_OPNIN_IND;2_CLASSIFICATION;Field
TEC_CONTRACT;EARLY_RPMT_OPTN_IND;2_CLASSIFICATION;Field
TEC_CONTRACT;SCHD_STGE_PRVDD_IND;2_CLASSIFICATION;Field
TEC_CONTRACT;CLTRL_LMT_USE_IND;2_CLASSIFICATION;Field
TEC_CONTRACT;ASSET_PORTABL_IND;2_CLASSIFICATION;Field
TEC_CONTRACT;INIT_PRE_POST_SET_IND;2_CLASSIFICATION;Field
TEC_CONTRACT;PRE_POST_SET_IND;2_CLASSIFICATION;Field
TEC_CONTRACT;RVLVG_RL_OVR_IND;2_CLASSIFICATION;Field
TEC_CONTRACT;FRST_TM_HOMEOWNR_IND;2_CLASSIFICATION;Field
TEC_CONTRACT;CNTPTY_ISDA_PTCOL_IND;2_CLASSIFICATION;Field
TEC_CONTRACT;ENT_ISDA_PTCOL_IND;2_CLASSIFICATION;Field
TEC_CONTRACT;PRVSN_IND;2_CLASSIFICATION;Field
TEC_CONTRACT;EXTR_RPRCH_IND;2_CLASSIFICATION;Field
TEC_CONTRACT;RESCURTZN_IND;2_CLASSIFICATION;Field
TEC_CONTRACT;ADVRS_CORRL_SPCFC_RISK_IND;2_CLASSIFICATION;Field
TEC_CONTRACT;SGRGTN_IND;2_CLASSIFICATION;Field
TEC_CONTRACT;SRY_LVL_CD;2_CLASSIFICATION;Field
TEC_CONTRACT;PRNCPAL_CPTL_FINCL_SPNSR_IND;2_CLASSIFICATION;Field
TEC_CONTRACT;CVR_RATE_IND;2_CLASSIFICATION;Field
TEC_CONTRACT;IMPARD_SCURTY_IND;2_CLASSIFICATION;Field
TEC_CONTRACT;UNDRLY_INVSTMT_PROD_IND;2_CLASSIFICATION;Field
TEC_CONTRACT;REMDTN_PLN_TYPE_CD;2_CLASSIFICATION;Field
TEC_CONTRACT;UNDRLY_INVSTMT_PROD_STK_INDX_CD;2_CLASSIFICATION;Field
TEC_CONTRACT;REF_INDX_CD;2_CLASSIFICATION;Field
TEC_CONTRACT;HEDGING_INTNT_CD;2_CLASSIFICATION;Field
TEC_CONTRACT;CLASFCN_PTFOL_CD;2_CLASSIFICATION;Field
TEC_CONTRACT;BORWG_LEG_STK_EXCH_CD;2_CLASSIFICATION;Field
TEC_CONTRACT;BORWG_LEG_INVSTMT_PROD_CR_QLTY_CD;2_CLASSIFICATION;Field
TEC_CONTRACT;BORWG_LEG_INVSTMT_PROD_ISIN_CD;2_CLASSIFICATION;Field
TEC_CONTRACT;BORWG_LEG_STK_INDX_CD;2_CLASSIFICATION;Field
TEC_CONTRACT;LENDG_LEG_STK_EXCH_CD;2_CLASSIFICATION;Field
TEC_CONTRACT;LENDG_LEG_INVSTMT_PROD_CR_QLTY_CD;2_CLASSIFICATION;Field
TEC_CONTRACT;LENDG_LEG_INVSTMT_PROD_ISIN_CD;2_CLASSIFICATION;Field
TEC_CONTRACT;LENDG_LEG_UNDRLY_INVSTMT_PROD_NATR_CD;2_CLASSIFICATION;Field
TEC_CONTRACT;LENDG_LEG_STK_INDX_CD;2_CLASSIFICATION;Field
TEC_CONTRACT;SCURTY_DESC;2_CLASSIFICATION;Field
TEC_CONTRACT;CVA_CALCN_METH_CD;2_CLASSIFICATION;Field
TEC_CONTRACT;EXPSR_CALCN_METH_CD;2_CLASSIFICATION;Field
TEC_CONTRACT;OUTST_RTG_METH_CD;2_CLASSIFICATION;Field
TEC_CONTRACT;ORIGNL_RISK_RTG_METH_CD;2_CLASSIFICATION;Field
TEC_CONTRACT;INT_PMT_MODALITY_CD;2_CLASSIFICATION;Field
TEC_CONTRACT;AMRTZN_STGE_INT_PMT_MODALITY_CD;2_CLASSIFICATION;Field
TEC_CONTRACT;RLEAS_STGE_INT_PMT_MODALITY_CD;2_CLASSIFICATION;Field
TEC_CONTRACT;RIMRS_METH_CD;2_CLASSIFICATION;Field
TEC_CONTRACT;INT_CALCN_METH_CD;2_CLASSIFICATION;Field
TEC_CONTRACT;QUOTN_METH_CD;2_CLASSIFICATION;Field
TEC_CONTRACT;SETLMT_MODE_CD;2_CLASSIFICATION;Field
TEC_CONTRACT;DBTFL_DEBT_PRPS_CD;2_CLASSIFICATION;Field
TEC_CONTRACT;INIT_RATE_TYPE_CD;2_CLASSIFICATION;Field
TEC_CONTRACT;BORWG_LEG_UNDRLY_INVSTMT_PROD_NATR_CD;2_CLASSIFICATION;Field
TEC_CONTRACT;NON_EXPRD_COUPN_DUE_INT_OPRTN_NATR_CD;2_CLASSIFICATION;Field
TEC_CONTRACT;INTRAGRP_IND;2_CLASSIFICATION;Field
TEC_CONTRACT;INTRAGRP_LVL_CD;2_CLASSIFICATION;Field
TEC_CONTRACT;BORWG_LEG_OUTST_AMT_COAI_CD;2_CLASSIFICATION;Field
TEC_CONTRACT;LENDG_LEG_OUTST_AMT_COAI_CD;2_CLASSIFICATION;Field
TEC_CONTRACT;OUTST_AMT_COAI_CD;2_CLASSIFICATION;Field
TEC_CONTRACT;OUTST_AMT_FR_COAA_CD;2_CLASSIFICATION;Field
TEC_CONTRACT;OUTST_AMT_IAS_COAA_CD;2_CLASSIFICATION;Field
TEC_CONTRACT;HLTHY_OUTST_AMT_FR_COAA_CD;2_CLASSIFICATION;Field
TEC_CONTRACT;OUTST_AMT_COA_CD;2_CLASSIFICATION;Field
TEC_CONTRACT;EARLY_WDRWL_OPTN_IND;2_CLASSIFICATION;Field
TEC_CONTRACT;EARLY_RPRCH_SCURTY_OPTN_IND;2_CLASSIFICATION;Field
TEC_CONTRACT;JURIS_CTRY_CD;2_CLASSIFICATION;Field
TEC_CONTRACT;INIT_CPTL_AMRTZN_PERIODCITY_CD;2_CLASSIFICATION;Field
TEC_CONTRACT;INIT_INT_CALCN_PERIODCITY_CD;2_CLASSIFICATION;Field
TEC_CONTRACT;PLND_PMT_PERIODCITY_CD;2_CLASSIFICATION;Field
TEC_CONTRACT;DVIDND_PMT_PERIODCITY_CD;2_CLASSIFICATION;Field
TEC_CONTRACT;INIT_RATE_RVW_PERIODCITY_CD;2_CLASSIFICATION;Field
TEC_CONTRACT;STGE_CD;2_CLASSIFICATION;Field
TEC_CONTRACT;ASSET_LIABTY_IND;2_CLASSIFICATION;Field
TEC_CONTRACT;RGLTD_SPNSRD_CR_IND;2_CLASSIFICATION;Field
TEC_CONTRACT;LEGL_CMPLI_IND;2_CLASSIFICATION;Field
TEC_CONTRACT;INTRAGRP_ROLE_CD;2_CLASSIFICATION;Field
TEC_CONTRACT;PRCHD_RECVBL_PREM_PRTY_ROLE_CD;2_CLASSIFICATION;Field
TEC_CONTRACT;ISSUD_SCURTS_MATURTY_CD;2_CLASSIFICATION;Field
TEC_CONTRACT;ENT_SEGMT_CD;2_CLASSIFICATION;Field
TEC_CONTRACT;OVRPRC_DRP_IN_VAL_IND;2_CLASSIFICATION;Field
TEC_CONTRACT;CR_TECHNICS_CD;2_CLASSIFICATION;Field
TEC_CONTRACT;A3C_IND;2_CLASSIFICATION;Field
TEC_CONTRACT;POSBL_NUMTR_DEDCTN_IND;2_CLASSIFICATION;Field
TEC_CONTRACT;INIT_AMRTZN_METH_CD;2_CLASSIFICATION;Field
TEC_CONTRACT;EQTY_SWAP_TYPE_CD;2_CLASSIFICATION;Field
TEC_CONTRACT;OPTN_1_TYPE_CD;2_CLASSIFICATION;Field
TEC_CONTRACT;OPTN_2_TYPE_CD;2_CLASSIFICATION;Field
TEC_CONTRACT;MSTR_CNTRCT_TYPE_CD;2_CLASSIFICATION;Field
TEC_CONTRACT;QUOTN_TYPE_CD;2_CLASSIFICATION;Field
TEC_CONTRACT;HEDGING_PRPS_CD;2_CLASSIFICATION;Field
TEC_CONTRACT;DFRL_NATR_CD;2_CLASSIFICATION;Field
TEC_CONTRACT;FOREX_TYPE_CD;2_CLASSIFICATION;Field
TEC_CONTRACT;EARLY_WDRWL_TYPE_CD;2_CLASSIFICATION;Field
TEC_CONTRACT;RSRC_TYPE_CD;2_CLASSIFICATION;Field
TEC_CONTRACT;SWAP_TYPE_CD;2_CLASSIFICATION;Field
TEC_CONTRACT;DFRL_TYPE_CD;2_CLASSIFICATION;Field
TEC_CONTRACT;SEC_DFRL_TYPE_CD;2_CLASSIFICATION;Field
TEC_CONTRACT;FRST_DFRL_TYPE_CD;2_CLASSIFICATION;Field
TEC_CONTRACT;HEDGING_RLTN_TYPE_CD;2_CLASSIFICATION;Field
TEC_CONTRACT;SWAP_OBLGTN_SBTYPE_CD;2_CLASSIFICATION;Field
TEC_CONTRACT;PD_RATE_TYPE_CD;2_CLASSIFICATION;Field
TEC_CONTRACT;RECVD_RATE_TYPE_CD;2_CLASSIFICATION;Field
TEC_CONTRACT;REAL_ESTAT_DEST_CD;2_CLASSIFICATION;Field
TEC_CONTRACT;ACCNTG_RESPONSABL_CTR_CD;2_CLASSIFICATION;Field
TEC_CONTRACT;3_DATES DUREES PERIODICITES;;Folder
TEC_CONTRACT;EARLY_RPMT_DT;3_DATES DUREES PERIODICITES;Field
TEC_CONTRACT;LAST_PRT_ACQ_DT;3_DATES DUREES PERIODICITES;Field
TEC_CONTRACT;CNTRCTUAL_CALL_DT;3_DATES DUREES PERIODICITES;Field
TEC_CONTRACT;OPTN_1_ACTVTN_DT;3_DATES DUREES PERIODICITES;Field
TEC_CONTRACT;OPTN_2_ACTVTN_DT;3_DATES DUREES PERIODICITES;Field
TEC_CONTRACT;ZERO_PMT_DT;3_DATES DUREES PERIODICITES;Field
TEC_CONTRACT;SCURTY_ISSU_DT;3_DATES DUREES PERIODICITES;Field
TEC_CONTRACT;EXRCS_STRT_DT;3_DATES DUREES PERIODICITES;Field
TEC_CONTRACT;EXPRT_OPNIN_CVGE_DT;3_DATES DUREES PERIODICITES;Field
TEC_CONTRACT;DEBT_EFCNCY_STS_STRT_DT;3_DATES DUREES PERIODICITES;Field
TEC_CONTRACT;CR_MODFN_LAST_DT;3_DATES DUREES PERIODICITES;Field
TEC_CONTRACT;EXRCS_END_DT;3_DATES DUREES PERIODICITES;Field
TEC_CONTRACT;OPTN_1_END_DT;3_DATES DUREES PERIODICITES;Field
TEC_CONTRACT;OPTN_2_END_DT;3_DATES DUREES PERIODICITES;Field
TEC_CONTRACT;MOBILIZATION_END_DT;3_DATES DUREES PERIODICITES;Field
TEC_CONTRACT;DFRL_END_DT;3_DATES DUREES PERIODICITES;Field
TEC_CONTRACT;LAST_BUSN_REMDTN_PLN_DT;3_DATES DUREES PERIODICITES;Field
TEC_CONTRACT;SCURTY_MATURTY_DT;3_DATES DUREES PERIODICITES;Field
TEC_CONTRACT;FUNDS_PRVSN_DT;3_DATES DUREES PERIODICITES;Field
TEC_CONTRACT;MOBILIZATION_STRT_DT;3_DATES DUREES PERIODICITES;Field
TEC_CONTRACT;FUT_MOBILIZATION_DT;3_DATES DUREES PERIODICITES;Field
TEC_CONTRACT;RATE_NXT_RVW_DT;3_DATES DUREES PERIODICITES;Field
TEC_CONTRACT;RPRCH_SCURTY_DT;3_DATES DUREES PERIODICITES;Field
TEC_CONTRACT;RPMT_PRCH_DT;3_DATES DUREES PERIODICITES;Field
TEC_CONTRACT;INIT_AGMT_SIGND_DT;3_DATES DUREES PERIODICITES;Field
TEC_CONTRACT;DBTFL_DEBT_END_DT;3_DATES DUREES PERIODICITES;Field
TEC_CONTRACT;FRBRNC_END_DT;3_DATES DUREES PERIODICITES;Field
TEC_CONTRACT;TFRT_DT;3_DATES DUREES PERIODICITES;Field
TEC_CONTRACT;DFRL_STRT_DT;3_DATES DUREES PERIODICITES;Field
TEC_CONTRACT;RNEW_AGMT_OPN_DT;3_DATES DUREES PERIODICITES;Field
TEC_CONTRACT;CUR_SCHD_STGE_STRT_DT;3_DATES DUREES PERIODICITES;Field
TEC_CONTRACT;ACLRTN_DT;3_DATES DUREES PERIODICITES;Field
TEC_CONTRACT;LAST_RISK_REMDTN_PLN_DT;3_DATES DUREES PERIODICITES;Field
TEC_CONTRACT;BORWG_LEG_FIXG_LAST_DT;3_DATES DUREES PERIODICITES;Field
TEC_CONTRACT;LENDG_LEG_FIXG_LAST_DT;3_DATES DUREES PERIODICITES;Field
TEC_CONTRACT;PRBTARY_PRD_STRT_DT;3_DATES DUREES PERIODICITES;Field
TEC_CONTRACT;PRGTR_PRD_STRT_DT;3_DATES DUREES PERIODICITES;Field
TEC_CONTRACT;DRWN_AMT_DFLT_STS_DT;3_DATES DUREES PERIODICITES;Field
TEC_CONTRACT;GRC_PRD_END_DT;3_DATES DUREES PERIODICITES;Field
TEC_CONTRACT;CPRMSD_DBTFL_STRT_DT;3_DATES DUREES PERIODICITES;Field
TEC_CONTRACT;FRST_UNPD_DRWN_DT;3_DATES DUREES PERIODICITES;Field
TEC_CONTRACT;FRST_FUNDS_RLEAS_DT;3_DATES DUREES PERIODICITES;Field
TEC_CONTRACT;FRST_PMT_DT;3_DATES DUREES PERIODICITES;Field
TEC_CONTRACT;FRST_FRBRNC_DT;3_DATES DUREES PERIODICITES;Field
TEC_CONTRACT;REMDTN_PLN_STRT_DT;3_DATES DUREES PERIODICITES;Field
TEC_CONTRACT;ASSET_RVW_DT;3_DATES DUREES PERIODICITES;Field
TEC_CONTRACT;AGMT_SIGND_DT;3_DATES DUREES PERIODICITES;Field
TEC_CONTRACT;PRBTARY_PRD_END_DT;3_DATES DUREES PERIODICITES;Field
TEC_CONTRACT;PRGTR_PRD_END_DT;3_DATES DUREES PERIODICITES;Field
TEC_CONTRACT;FRBRNC_THRTCL_END_DT;3_DATES DUREES PERIODICITES;Field
TEC_CONTRACT;VAL_DT;3_DATES DUREES PERIODICITES;Field
TEC_CONTRACT;UNDRLY_INVSTMT_PROD_ISSUG_MATURTY_DT;3_DATES DUREES PERIODICITES;Field
TEC_CONTRACT;BORWG_LEG__UNDRLY_INVSTMT_PROD_MATURTY_DT;3_DATES DUREES PERIODICITES;Field
TEC_CONTRACT;LENDG_LEG_UNDRLY_INVSTMT_PROD_MATURTY_DT;3_DATES DUREES PERIODICITES;Field
TEC_CONTRACT;FIXG_NXT_DT;3_DATES DUREES PERIODICITES;Field
TEC_CONTRACT;BORWG_LEG_FIXG_NXT_DT;3_DATES DUREES PERIODICITES;Field
TEC_CONTRACT;LENDG_LEG_FIXG_NXT_DT;3_DATES DUREES PERIODICITES;Field
TEC_CONTRACT;BORWG_LEG_INT_CPTLZN_NXT_DT;3_DATES DUREES PERIODICITES;Field
TEC_CONTRACT;INT_CPTLZN_NXT_DT;3_DATES DUREES PERIODICITES;Field
TEC_CONTRACT;LENDG_LEG_INT_CPTLZN_NXT_DT;3_DATES DUREES PERIODICITES;Field
TEC_CONTRACT;DFRL_DURTN_NUM;3_DATES DUREES PERIODICITES;Field
TEC_CONTRACT;SEC_DFRL_DURTN_NUM;3_DATES DUREES PERIODICITES;Field
TEC_CONTRACT;GRC_PRD_MAXM_DURTN_NUM;3_DATES DUREES PERIODICITES;Field
TEC_CONTRACT;FRST_DFRL_DURTN_NUM;3_DATES DUREES PERIODICITES;Field
TEC_CONTRACT;GRC_PRD_ACTL_DURTN_NUM;3_DATES DUREES PERIODICITES;Field
TEC_CONTRACT;RATE_RVW_PERIODCITY_NUM;3_DATES DUREES PERIODICITES;Field
TEC_CONTRACT;DAYS_INIT_DURTN_NUM;3_DATES DUREES PERIODICITES;Field
TEC_CONTRACT;INIT_DURTN_NUM;3_DATES DUREES PERIODICITES;Field
TEC_CONTRACT;RMNG_PRD_NUM;3_DATES DUREES PERIODICITES;Field
TEC_CONTRACT;UNWINDING_BLNCG_PMT_RMNG_PRD_NUM;3_DATES DUREES PERIODICITES;Field
TEC_CONTRACT;INIT_BLNCG_PMT_RMNG_PRD_NUM;3_DATES DUREES PERIODICITES;Field
TEC_CONTRACT;DURTN_NUM;3_DATES DUREES PERIODICITES;Field
TEC_CONTRACT;INIT_INDX_MATURTY_NUM;3_DATES DUREES PERIODICITES;Field
TEC_CONTRACT;IMM_EFF_MATURTY_VAL;3_DATES DUREES PERIODICITES;Field
TEC_CONTRACT;STRSSED_IMM_EFF_MATURTY_VAL;3_DATES DUREES PERIODICITES;Field
TEC_CONTRACT;LATE_PMT_DAYS_QTY;3_DATES DUREES PERIODICITES;Field
TEC_CONTRACT;RSDUL_MATURTY_VAL;3_DATES DUREES PERIODICITES;Field
TEC_CONTRACT;4_MONTANTS EN DEVISE;;Folder
TEC_CONTRACT;ACQ_COST_AMT_CURY_CD;4_MONTANTS EN DEVISE;Field
TEC_CONTRACT;NETG_AGMT_CURY_CD;4_MONTANTS EN DEVISE;Field
TEC_CONTRACT;THRTCL_CPTL_OUTST_CURY_CD;4_MONTANTS EN DEVISE;Field
TEC_CONTRACT;COMS_OUTSANDING_AMT_CURY_CD;4_MONTANTS EN DEVISE;Field
TEC_CONTRACT;NON_EXPRD_COUPN_AMT_CURY_CD;4_MONTANTS EN DEVISE;Field
TEC_CONTRACT;CR_VALUT_ADJSTMT_AMT_CURY_CD;4_MONTANTS EN DEVISE;Field
TEC_CONTRACT;AGMT_ORIGNL_AMT_CURY_CD;4_MONTANTS EN DEVISE;Field
TEC_CONTRACT;LAST_ASESMT_ASSET_MKT_VAL_CURY_CD;4_MONTANTS EN DEVISE;Field
TEC_CONTRACT;FLUC_RISK_INTRNL_BASE_AMT_CURY_CD;4_MONTANTS EN DEVISE;Field
TEC_CONTRACT;BORWG_LEG_UNWINDING_INIT_BLNCG_PMT_AMT_CURY_CD;4_MONTANTS EN DEVISE;Field
TEC_CONTRACT;LENDG_LEG_UNWINDING_INIT_BLNCG_PMT_AMT_CURY_CD;4_MONTANTS EN DEVISE;Field
TEC_CONTRACT;LENDG_LEG_INIT_BLNCG_PMT_AMT_CURY_CD;4_MONTANTS EN DEVISE;Field
TEC_CONTRACT;BORWG_LEG_INIT_BLNCG_PMT_AMT_CURY_CD;4_MONTANTS EN DEVISE;Field
TEC_CONTRACT;ACRUD_INT_NOT_DUE_AMT_CURY_CD;4_MONTANTS EN DEVISE;Field
TEC_CONTRACT;OPTN_AMT_CURY_CD;4_MONTANTS EN DEVISE;Field
TEC_CONTRACT;UPDT_MTH_INT_AMT_CURY_CD;4_MONTANTS EN DEVISE;Field
TEC_CONTRACT;ASSET_MKT_VAL_CURY_CD;4_MONTANTS EN DEVISE;Field
TEC_CONTRACT;GRS_MK_TO_MKT_AMT_CURY_CD;4_MONTANTS EN DEVISE;Field
TEC_CONTRACT;INIT_OPTN_AMT_CURY_CD;4_MONTANTS EN DEVISE;Field
TEC_CONTRACT;MAXM_ACHIEVABLE_AMT_CURY_CD;4_MONTANTS EN DEVISE;Field
TEC_CONTRACT;BORWG_LEG_NMNL_HSTCL_AMT_CURY_CD;4_MONTANTS EN DEVISE;Field
TEC_CONTRACT;LENDG_LEG_NMNL_HSTCL_AMT_CURY_CD;4_MONTANTS EN DEVISE;Field
TEC_CONTRACT;DEBT_RECVBL_CLTRLZD_AMT_CURY_CD;4_MONTANTS EN DEVISE;Field
TEC_CONTRACT;INT_OUTST_AMT_CURY_CD;4_MONTANTS EN DEVISE;Field
TEC_CONTRACT;ORIGNL_UNITRY_ACQ_AMT_CURY_CD;4_MONTANTS EN DEVISE;Field
TEC_CONTRACT;FUNDS_NET_ACCNTG_ASSET_AMT_CURY_CD;4_MONTANTS EN DEVISE;Field
TEC_CONTRACT;PRCHD_RECVBL_PREM_AMT_CURY_CD;4_MONTANTS EN DEVISE;Field
TEC_CONTRACT;CAD_ADDON_AMT_CURY_CD;4_MONTANTS EN DEVISE;Field
TEC_CONTRACT;VALUT_ADJSTMT_AMT_CURY_CD;4_MONTANTS EN DEVISE;Field
TEC_CONTRACT;LOCL_CALCD_RGLTRY_BASE_AMT_CURY_CD;4_MONTANTS EN DEVISE;Field
TEC_CONTRACT;GRNTNG_ASSET_VAL_CURY_CD;4_MONTANTS EN DEVISE;Field
TEC_CONTRACT;SPOT_PRC_AMT_CURY_CD;4_MONTANTS EN DEVISE;Field
TEC_CONTRACT;AMRTZD_COST_AMT_CURY_CD;4_MONTANTS EN DEVISE;Field
TEC_CONTRACT;CUMULATED_RCVRY_AMT_CURY_CD;4_MONTANTS EN DEVISE;Field
TEC_CONTRACT;ASSET_HRCT_AMT_CURY_CD;4_MONTANTS EN DEVISE;Field
TEC_CONTRACT;IMM_EAD_AMT_CURY_CD;4_MONTANTS EN DEVISE;Field
TEC_CONTRACT;STRSSED_IMM_EAD_AMT_CURY_CD;4_MONTANTS EN DEVISE;Field
TEC_CONTRACT;DBTFL_DEBT_PRT_CURY_CD;4_MONTANTS EN DEVISE;Field
TEC_CONTRACT;OVR_INDEBTED_AMT_CURY_CD;4_MONTANTS EN DEVISE;Field
TEC_CONTRACT;NETG_AGMT_MTM_AMT_CURY_CD;4_MONTANTS EN DEVISE;Field
TEC_CONTRACT;UNPD_PORTN_MTM_AMT_CURY_CD;4_MONTANTS EN DEVISE;Field
TEC_CONTRACT;BASE_COUPN_MTM__AMT_CURY_CD;4_MONTANTS EN DEVISE;Field
TEC_CONTRACT;NOTL_AMT_CURY_CD;4_MONTANTS EN DEVISE;Field
TEC_CONTRACT;BUY_LEG_NMNL_AMT_CURY_CD;4_MONTANTS EN DEVISE;Field
TEC_CONTRACT;SEL_LEG_NMNL_AMT_CURY_CD;4_MONTANTS EN DEVISE;Field
TEC_CONTRACT;SCHD_STGE_CURY_CD;4_MONTANTS EN DEVISE;Field
TEC_CONTRACT;EXRCS_PRC_AMT_CURY_CD;4_MONTANTS EN DEVISE;Field
TEC_CONTRACT;MRGN_CALL_TRIGRING_THRSH_AMT_CURY_CD;4_MONTANTS EN DEVISE;Field
TEC_CONTRACT;MRGN_CALL_TFRT_MINIMAL_AMT_CURY_CD;4_MONTANTS EN DEVISE;Field
TEC_CONTRACT;ASSET_MORTG_VAL_CURY_CD;4_MONTANTS EN DEVISE;Field
TEC_CONTRACT;AUTHZD_OVRDRFT_BAL_AMT_CURY_CD;4_MONTANTS EN DEVISE;Field
TEC_CONTRACT;BLNCG_ADJSTMT_AVG_RATE_AMT_CURY_CD;4_MONTANTS EN DEVISE;Field
TEC_CONTRACT;BORWG_LEG_OUTST_AMT_CURY_CD;4_MONTANTS EN DEVISE;Field
TEC_CONTRACT;BORWG_LEG_PD_INT_AMT_CURY_CD;4_MONTANTS EN DEVISE;Field
TEC_CONTRACT;CPTLZN_PREM_ELGBL_AMT_CURY_CD;4_MONTANTS EN DEVISE;Field
TEC_CONTRACT;CSH_LEG_AMT_CURY_CD;4_MONTANTS EN DEVISE;Field
TEC_CONTRACT;COMS_AMT_CURY_CD;4_MONTANTS EN DEVISE;Field
TEC_CONTRACT;CR_ACRUD_INT_NOT_DUE_AMT_CURY_CD;4_MONTANTS EN DEVISE;Field
TEC_CONTRACT;CR_ELGBL_AMT_CURY_CD;4_MONTANTS EN DEVISE;Field
TEC_CONTRACT;DR_ACRUD_INT_NOT_DUE_AMT_CURY_CD;4_MONTANTS EN DEVISE;Field
TEC_CONTRACT;EARLY_RPMT_CMPSTN_AMT_CURY_CD;4_MONTANTS EN DEVISE;Field
TEC_CONTRACT;EARLY_WDRWL_AMT_CURY_CD;4_MONTANTS EN DEVISE;Field
TEC_CONTRACT;FEES_AMT_CURY_CD;4_MONTANTS EN DEVISE;Field
TEC_CONTRACT;FR_GAAP_ACCNTG_AMT_CURY_CD;4_MONTANTS EN DEVISE;Field
TEC_CONTRACT;HSTCL_AMT_CURY_CD;4_MONTANTS EN DEVISE;Field
TEC_CONTRACT;IFRS_ACCNTG_AMT_CURY_CD;4_MONTANTS EN DEVISE;Field
TEC_CONTRACT;INIT_INFLTN_BLNCG_PMT_AMT_CURY_CD;4_MONTANTS EN DEVISE;Field
TEC_CONTRACT;INIT_OPRTN_COST_AMT_CURY_CD;4_MONTANTS EN DEVISE;Field
TEC_CONTRACT;INIT_PMT_AMT_CURY_CD;4_MONTANTS EN DEVISE;Field
TEC_CONTRACT;LENDG_LEG_OUTST_AMT_CURY_CD;4_MONTANTS EN DEVISE;Field
TEC_CONTRACT;LENDG_LEG_PD_INT_AMT_CURY_CD;4_MONTANTS EN DEVISE;Field
TEC_CONTRACT;MTH_AVG_OUTST_CR_AMT_CURY_CD;4_MONTANTS EN DEVISE;Field
TEC_CONTRACT;MTH_AVG_OUTST_DR_AMT_CURY_CD;4_MONTANTS EN DEVISE;Field
TEC_CONTRACT;MTH_EARLY_RPMT_AMT_CURY_CD;4_MONTANTS EN DEVISE;Field
TEC_CONTRACT;MTH_FUND_RLEAS_AMT_CURY_CD;4_MONTANTS EN DEVISE;Field
TEC_CONTRACT;MTH_MODFN_AMT_CURY_CD;4_MONTANTS EN DEVISE;Field
TEC_CONTRACT;NON_IMPUTD_VALS_CPTL_AMT_CURY_CD;4_MONTANTS EN DEVISE;Field
TEC_CONTRACT;NON_IMPUTD_VALS_INT_AMT_CURY_CD;4_MONTANTS EN DEVISE;Field
TEC_CONTRACT;OVRPRC_DRP_IN_VAL_AMT_CURY_CD;4_MONTANTS EN DEVISE;Field
TEC_CONTRACT;PD_INT_AMT_CURY_CD;4_MONTANTS EN DEVISE;Field
TEC_CONTRACT;PMT_CURY_ACRUD_INT_NOT_DUE_AMT_CURY_CD;4_MONTANTS EN DEVISE;Field
TEC_CONTRACT;PLND_PMT_AMT_CURY_CD;4_MONTANTS EN DEVISE;Field
TEC_CONTRACT;PRVDD_FUNDS_AMT_CURY_CD;4_MONTANTS EN DEVISE;Field
TEC_CONTRACT;RPRCH_SCURTY_UNITRY_AMT_CURY_CD;4_MONTANTS EN DEVISE;Field
TEC_CONTRACT;RESTRUCTURING_HRCT_FR_AMT_CURY_CD;4_MONTANTS EN DEVISE;Field
TEC_CONTRACT;SCURTS_GLOBL_NMNL_AMT_CURY_CD;4_MONTANTS EN DEVISE;Field
TEC_CONTRACT;SCURTY_LEG_AMT_CURY_CD;4_MONTANTS EN DEVISE;Field
TEC_CONTRACT;SCURTY_UNITRY_AMT_CURY_CD;4_MONTANTS EN DEVISE;Field
TEC_CONTRACT;SCURTY_UNITRY_HSTCL_AMT_CURY_CD;4_MONTANTS EN DEVISE;Field
TEC_CONTRACT;SCURTY_UNITRY_NMNL_AMT_CURY_CD;4_MONTANTS EN DEVISE;Field
TEC_CONTRACT;THEORICAL_TRDNL_ADVNC_OUTST_AMT_CURY_CD;4_MONTANTS EN DEVISE;Field
TEC_CONTRACT;TOT_EARLY_RPMT_AMT_CURY_CD;4_MONTANTS EN DEVISE;Field
TEC_CONTRACT;TOT_MODFN_AMT_CURY_CD;4_MONTANTS EN DEVISE;Field
TEC_CONTRACT;TSACTN_FEES_AMT_CURY_CD;4_MONTANTS EN DEVISE;Field
TEC_CONTRACT;UNPD_CPTL_AMT_CURY_CD;4_MONTANTS EN DEVISE;Field
TEC_CONTRACT;UNPD_INT_AMT_CURY_CD;4_MONTANTS EN DEVISE;Field
TEC_CONTRACT;PRCH_NMNL_AMT_CURY_CD;4_MONTANTS EN DEVISE;Field
TEC_CONTRACT;UNPD_DRWN_CPTL_AMT_CURY_CD;4_MONTANTS EN DEVISE;Field
TEC_CONTRACT;PMT_CURY_CD;4_MONTANTS EN DEVISE;Field
TEC_CONTRACT;TRMTN_COMP_AMT_CURY_CD;4_MONTANTS EN DEVISE;Field
TEC_CONTRACT;BUY_LEG_NON_EXPRD_COUPN_AMT_CURY_CD;4_MONTANTS EN DEVISE;Field
TEC_CONTRACT;SEL_LEG_NON_EXPRD_COUPN_AMT_CURY_CD;4_MONTANTS EN DEVISE;Field
TEC_CONTRACT;BORWG_LEG_NON_EXPRD_COUPN_AMT_CURY_CD;4_MONTANTS EN DEVISE;Field
TEC_CONTRACT;LENDG_LEG_NON_EXPRD_COUPN_AMT_CURY_CD;4_MONTANTS EN DEVISE;Field
TEC_CONTRACT;UNPD_DRWN_INT_OUTST_AMT_CURY_CD;4_MONTANTS EN DEVISE;Field
TEC_CONTRACT;BORWG_LEG_INVSTMT_PROD_NMNL_AMT_CURY_CD;4_MONTANTS EN DEVISE;Field
TEC_CONTRACT;LENDG_LEG_INVSTMT_PROD_NMNL_AMT_CURY_CD;4_MONTANTS EN DEVISE;Field
TEC_CONTRACT;SL_NMNL_AMT_CURY_CD;4_MONTANTS EN DEVISE;Field
TEC_CONTRACT;AMT_DRCTN_CD;4_MONTANTS EN DEVISE;Field
TEC_CONTRACT;CUR_SCHD_STGE_AMT;4_MONTANTS EN DEVISE;Field
TEC_CONTRACT;BORWG_LEG_UNWINDING_INIT_BLNCG_PMT_AMT;4_MONTANTS EN DEVISE;Field
TEC_CONTRACT;LENDG_LEG_UNWINDING_INIT_BLNCG_PMT_AMT;4_MONTANTS EN DEVISE;Field
TEC_CONTRACT;BORWG_LEG_INIT_BLNCG_PMT_AMT;4_MONTANTS EN DEVISE;Field
TEC_CONTRACT;INIT_INFLTN_BLNCG_PMT_AMT;4_MONTANTS EN DEVISE;Field
TEC_CONTRACT;LENDG_LEG_INIT_BLNCG_PMT_AMT;4_MONTANTS EN DEVISE;Field
TEC_CONTRACT;BLNCG_ADJSTMT_AVG_RATE_AMT;4_MONTANTS EN DEVISE;Field
TEC_CONTRACT;BORWG_LEG_OUTST_AMT;4_MONTANTS EN DEVISE;Field
TEC_CONTRACT;COMS_AMT;4_MONTANTS EN DEVISE;Field
TEC_CONTRACT;CR_ACRUD_INT_NOT_DUE_AMT;4_MONTANTS EN DEVISE;Field
TEC_CONTRACT;DR_ACRUD_INT_NOT_DUE_AMT;4_MONTANTS EN DEVISE;Field
TEC_CONTRACT;EARLY_RPMT_CMPSTN_AMT;4_MONTANTS EN DEVISE;Field
TEC_CONTRACT;LENDG_LEG_OUTST_AMT;4_MONTANTS EN DEVISE;Field
TEC_CONTRACT;NON_IMPUTD_VALS_CPTL_AMT;4_MONTANTS EN DEVISE;Field
TEC_CONTRACT;NON_IMPUTD_VALS_INT_AMT;4_MONTANTS EN DEVISE;Field
TEC_CONTRACT;UNPD_CPTL_AMT;4_MONTANTS EN DEVISE;Field
TEC_CONTRACT;UNPD_INT_AMT;4_MONTANTS EN DEVISE;Field
TEC_CONTRACT;OPTN_AMT;4_MONTANTS EN DEVISE;Field
TEC_CONTRACT;INIT_OPTN_AMT;4_MONTANTS EN DEVISE;Field
TEC_CONTRACT;HSTCL_AMT;4_MONTANTS EN DEVISE;Field
TEC_CONTRACT;INIT_OPRTN_COST_AMT;4_MONTANTS EN DEVISE;Field
TEC_CONTRACT;THEORICAL_TRDNL_ADVNC_OUTST_AMT;4_MONTANTS EN DEVISE;Field
TEC_CONTRACT;RESTRUCTURING_HRCT_FR_AMT;4_MONTANTS EN DEVISE;Field
TEC_CONTRACT;AUTHZD_OVRDRFT_BAL_AMT;4_MONTANTS EN DEVISE;Field
TEC_CONTRACT;CR_ELGBL_AMT;4_MONTANTS EN DEVISE;Field
TEC_CONTRACT;CPTLZN_PREM_ELGBL_AMT;4_MONTANTS EN DEVISE;Field
TEC_CONTRACT;MTH_AVG_OUTST_CR_AMT;4_MONTANTS EN DEVISE;Field
TEC_CONTRACT;MTH_AVG_OUTST_DR_AMT;4_MONTANTS EN DEVISE;Field
TEC_CONTRACT;FEES_AMT;4_MONTANTS EN DEVISE;Field
TEC_CONTRACT;TSACTN_FEES_AMT;4_MONTANTS EN DEVISE;Field
TEC_CONTRACT;ACRUD_INT_NOT_DUE_AMT;4_MONTANTS EN DEVISE;Field
TEC_CONTRACT;PMT_CURY_ACRUD_INT_NOT_DUE_AMT;4_MONTANTS EN DEVISE;Field
TEC_CONTRACT;ORIGNL_UNITRY_ACQ_AMT;4_MONTANTS EN DEVISE;Field
TEC_CONTRACT;FUNDS_NET_ACCNTG_ASSET_AMT;4_MONTANTS EN DEVISE;Field
TEC_CONTRACT;PRCHD_RECVBL_PREM_AMT;4_MONTANTS EN DEVISE;Field
TEC_CONTRACT;CAD_ADDON_AMT;4_MONTANTS EN DEVISE;Field
TEC_CONTRACT;VALUT_ADJSTMT_AMT;4_MONTANTS EN DEVISE;Field
TEC_CONTRACT;FLUC_RISK_INTRNL_BASE_AMT;4_MONTANTS EN DEVISE;Field
TEC_CONTRACT;LOCL_CALCD_RGLTRY_BASE_AMT;4_MONTANTS EN DEVISE;Field
TEC_CONTRACT;GRNTNG_ASSET_VAL_AMT;4_MONTANTS EN DEVISE;Field
TEC_CONTRACT;THRTCL_CPTL_OUTST_AMT;4_MONTANTS EN DEVISE;Field
TEC_CONTRACT;COMS_OUTSANDING_AMT;4_MONTANTS EN DEVISE;Field
TEC_CONTRACT;FR_GAAP_ACCNTG_AMT;4_MONTANTS EN DEVISE;Field
TEC_CONTRACT;IFRS_ACCNTG_AMT;4_MONTANTS EN DEVISE;Field
TEC_CONTRACT;NON_EXPRD_COUPN_AMT;4_MONTANTS EN DEVISE;Field
TEC_CONTRACT;SPOT_PRC_AMT;4_MONTANTS EN DEVISE;Field
TEC_CONTRACT;ACQ_COST_AMT;4_MONTANTS EN DEVISE;Field
TEC_CONTRACT;AMRTZD_COST_AMT;4_MONTANTS EN DEVISE;Field
TEC_CONTRACT;CUMULATED_RCVRY_AMT;4_MONTANTS EN DEVISE;Field
TEC_CONTRACT;CR_VALUT_ADJSTMT_AMT;4_MONTANTS EN DEVISE;Field
TEC_CONTRACT;PLND_PMT_AMT;4_MONTANTS EN DEVISE;Field
TEC_CONTRACT;TRMTN_COMP_AMT;4_MONTANTS EN DEVISE;Field
TEC_CONTRACT;BORWG_LEG_NMNL_HSTCL_AMT;4_MONTANTS EN DEVISE;Field
TEC_CONTRACT;ASSET_HRCT_AMT;4_MONTANTS EN DEVISE;Field
TEC_CONTRACT;BUY_LEG_NON_EXPRD_COUPN_AMT;4_MONTANTS EN DEVISE;Field
TEC_CONTRACT;BORWG_LEG_NON_EXPRD_COUPN_AMT;4_MONTANTS EN DEVISE;Field
TEC_CONTRACT;LENDG_LEG_NON_EXPRD_COUPN_AMT;4_MONTANTS EN DEVISE;Field
TEC_CONTRACT;SEL_LEG_NON_EXPRD_COUPN_AMT;4_MONTANTS EN DEVISE;Field
TEC_CONTRACT;PRVDD_FUNDS_AMT;4_MONTANTS EN DEVISE;Field
TEC_CONTRACT;BORWG_LEG_PD_INT_AMT;4_MONTANTS EN DEVISE;Field
TEC_CONTRACT;LENDG_LEG_PD_INT_AMT;4_MONTANTS EN DEVISE;Field
TEC_CONTRACT;PD_INT_AMT;4_MONTANTS EN DEVISE;Field
TEC_CONTRACT;UNPD_DRWN_INT_OUTST_AMT;4_MONTANTS EN DEVISE;Field
TEC_CONTRACT;MTH_FUND_RLEAS_AMT;4_MONTANTS EN DEVISE;Field
TEC_CONTRACT;EARLY_WDRWL_AMT;4_MONTANTS EN DEVISE;Field
TEC_CONTRACT;UNPD_DRWN_CPTL_AMT;4_MONTANTS EN DEVISE;Field
TEC_CONTRACT;GRS_MK_TO_MKT_AMT;4_MONTANTS EN DEVISE;Field
TEC_CONTRACT;BORWG_LEG_INVSTMT_PROD_NMNL_AMT;4_MONTANTS EN DEVISE;Field
TEC_CONTRACT;LENDG_LEG_INVSTMT_PROD_NMNL_AMT;4_MONTANTS EN DEVISE;Field
TEC_CONTRACT;MTH_MODFN_AMT;4_MONTANTS EN DEVISE;Field
TEC_CONTRACT;INIT_PMT_AMT;4_MONTANTS EN DEVISE;Field
TEC_CONTRACT;IMM_EAD_AMT;4_MONTANTS EN DEVISE;Field
TEC_CONTRACT;STRSSED_IMM_EAD_AMT;4_MONTANTS EN DEVISE;Field
TEC_CONTRACT;PMT_AMT;4_MONTANTS EN DEVISE;Field
TEC_CONTRACT;DBTFL_DEBT_PRT_AMT;4_MONTANTS EN DEVISE;Field
TEC_CONTRACT;OVR_INDEBTED_AMT;4_MONTANTS EN DEVISE;Field
TEC_CONTRACT;SCURTS_GLOBL_NMNL_AMT;4_MONTANTS EN DEVISE;Field
TEC_CONTRACT;UPDT_MTH_INT_AMT;4_MONTANTS EN DEVISE;Field
TEC_CONTRACT;INT_OUTST_AMT;4_MONTANTS EN DEVISE;Field
TEC_CONTRACT;MAXM_ACHIEVABLE_AMT;4_MONTANTS EN DEVISE;Field
TEC_CONTRACT;MRGN_CALL_TFRT_MINIMAL_AMT;4_MONTANTS EN DEVISE;Field
TEC_CONTRACT;NETG_AGMT_MTM_AMT;4_MONTANTS EN DEVISE;Field
TEC_CONTRACT;UNPD_PORTN_MTM_AMT;4_MONTANTS EN DEVISE;Field
TEC_CONTRACT;BASE_COUPN_MTM_AMT;4_MONTANTS EN DEVISE;Field
TEC_CONTRACT;NOTL_AMT;4_MONTANTS EN DEVISE;Field
TEC_CONTRACT;BUY_LEG_NMNL_AMT;4_MONTANTS EN DEVISE;Field
TEC_CONTRACT;SEL_LEG_NMNL_AMT;4_MONTANTS EN DEVISE;Field
TEC_CONTRACT;AGMT_ORIGNL_AMT;4_MONTANTS EN DEVISE;Field
TEC_CONTRACT;DEBT_RECVBL_CLTRLZD_AMT;4_MONTANTS EN DEVISE;Field
TEC_CONTRACT;MTH_EARLY_RPMT_AMT;4_MONTANTS EN DEVISE;Field
TEC_CONTRACT;TOT_EARLY_RPMT_AMT;4_MONTANTS EN DEVISE;Field
TEC_CONTRACT;TOT_MODFN_AMT;4_MONTANTS EN DEVISE;Field
TEC_CONTRACT;PRCH_NMNL_AMT;4_MONTANTS EN DEVISE;Field
TEC_CONTRACT;CSH_LEG_AMT;4_MONTANTS EN DEVISE;Field
TEC_CONTRACT;SCURTY_LEG_AMT;4_MONTANTS EN DEVISE;Field
TEC_CONTRACT;LENDG_LEG_NMNL_HSTCL_AMT;4_MONTANTS EN DEVISE;Field
TEC_CONTRACT;SCURTY_UNITRY_NMNL_AMT;4_MONTANTS EN DEVISE;Field
TEC_CONTRACT;SL_NMNL_AMT;4_MONTANTS EN DEVISE;Field
TEC_CONTRACT;EXRCS_PRC_AMT;4_MONTANTS EN DEVISE;Field
TEC_CONTRACT;SCURTY_UNITRY_HSTCL_AMT;4_MONTANTS EN DEVISE;Field
TEC_CONTRACT;MRGN_CALL_TRIGRING_THRSH_AMT;4_MONTANTS EN DEVISE;Field
TEC_CONTRACT;DERVTV_MKT_SPRD_AMT;4_MONTANTS EN DEVISE;Field
TEC_CONTRACT;OVRPRC_DRP_IN_VAL_AMT;4_MONTANTS EN DEVISE;Field
TEC_CONTRACT;LAST_ASESMT_ASSET_MKT_VAL_AMT;4_MONTANTS EN DEVISE;Field
TEC_CONTRACT;ASSET_MORTG_VAL_AMT;4_MONTANTS EN DEVISE;Field
TEC_CONTRACT;ASSET_MKT_VAL_AMT;4_MONTANTS EN DEVISE;Field
TEC_CONTRACT;SCURTY_UNITRY_AMT;4_MONTANTS EN DEVISE;Field
TEC_CONTRACT;RPRCH_SCURTY_UNITRY_AMT;4_MONTANTS EN DEVISE;Field
TEC_CONTRACT;5_MONTANTS EURO;;Folder
TEC_CONTRACT;LENDG_LEG_UNWINDING_INIT_BLNCG_PMT_EURO_AMT;5_MONTANTS EURO;Field
TEC_CONTRACT;BORWG_LEG_UNWINDING_INIT_BLNCG_PMT_EURO_AMT;5_MONTANTS EURO;Field
TEC_CONTRACT;INIT_INFLTN_BLNCG_PMT_EURO_AMT;5_MONTANTS EURO;Field
TEC_CONTRACT;LENDG_LEG_INIT_BLNCG_PMT_EURO_AMT;5_MONTANTS EURO;Field
TEC_CONTRACT;BORWG_LEG_INIT_BLNCG_PMT_EURO_AMT;5_MONTANTS EURO;Field
TEC_CONTRACT;THRTCL_CPTL_OUTST_EURO_AMT;5_MONTANTS EURO;Field
TEC_CONTRACT;NON_EXPRD_COUPN_EURO_AMT;5_MONTANTS EURO;Field
TEC_CONTRACT;OPTN_EURO_AMT;5_MONTANTS EURO;Field
TEC_CONTRACT;INIT_OPTN_EURO_AMT;5_MONTANTS EURO;Field
TEC_CONTRACT;HSTCL_EURO_AMT;5_MONTANTS EURO;Field
TEC_CONTRACT;INIT_OPRTN_COST_EURO_AMT;5_MONTANTS EURO;Field
TEC_CONTRACT;CPTL_OUTST_EURO_AMT;5_MONTANTS EURO;Field
TEC_CONTRACT;THEORICAL_TRDNL_ADVNC_OUTST_EURO_AMT;5_MONTANTS EURO;Field
TEC_CONTRACT;RESTRUCTURING_HRCT_FR_EURO_AMT;5_MONTANTS EURO;Field
TEC_CONTRACT;AUTHZD_OVRDRFT_BAL_EURO_AMT;5_MONTANTS EURO;Field
TEC_CONTRACT;CR_ELGBL_EURO_AMT;5_MONTANTS EURO;Field
TEC_CONTRACT;CPTLZN_PREM_ELGBL_EURO_AMT;5_MONTANTS EURO;Field
TEC_CONTRACT;LENDG_LEG_OUTST_EURO_AMT;5_MONTANTS EURO;Field
TEC_CONTRACT;OUTST_EURO_AMT;5_MONTANTS EURO;Field
TEC_CONTRACT;BORWG_LEG_OUTST_EURO_AMT;5_MONTANTS EURO;Field
TEC_CONTRACT;OPRTN_DT_OUTST_EURO_AMT;5_MONTANTS EURO;Field
TEC_CONTRACT;MTH_AVG_OUTST_CR_EURO_AMT;5_MONTANTS EURO;Field
TEC_CONTRACT;MTH_AVG_OUTST_DR_EURO_AMT;5_MONTANTS EURO;Field
TEC_CONTRACT;FEES_EURO_AMT;5_MONTANTS EURO;Field
TEC_CONTRACT;TSACTN_FEES_EURO_AMT;5_MONTANTS EURO;Field
TEC_CONTRACT;CR_ACRUD_INT_NOT_DUE_EURO_AMT;5_MONTANTS EURO;Field
TEC_CONTRACT;DR_ACRUD_INT_NOT_DUE_EURO_AMT;5_MONTANTS EURO;Field
TEC_CONTRACT;PMT_CURY_ACRUD_INT_NOT_DUE_EURO_AMT;5_MONTANTS EURO;Field
TEC_CONTRACT;MK_TO_MKT_EURO_AMT;5_MONTANTS EURO;Field
TEC_CONTRACT;BORWG_LEG_MTM_EURO_AMT;5_MONTANTS EURO;Field
TEC_CONTRACT;GRNTNG_ASSET_VAL_EURO_AMT;5_MONTANTS EURO;Field
TEC_CONTRACT;FUNDS_NET_ACCNTG_ASSET_EURO_AMT;5_MONTANTS EURO;Field
TEC_CONTRACT;CAD_ADDON_EURO_AMT;5_MONTANTS EURO;Field
TEC_CONTRACT;FR_GAAP_ACCNTG_EURO_AMT;5_MONTANTS EURO;Field
TEC_CONTRACT;IFRS_ACCNTG_EURO_AMT;5_MONTANTS EURO;Field
TEC_CONTRACT;SPOT_PRC_EURO_AMT;5_MONTANTS EURO;Field
TEC_CONTRACT;ACQ_COST_EURO_AMT;5_MONTANTS EURO;Field
TEC_CONTRACT;AMRTZD_COST_EURO_AMT;5_MONTANTS EURO;Field
TEC_CONTRACT;CR_VALUT_ADJSTMT_EURO_AMT;5_MONTANTS EURO;Field
TEC_CONTRACT;CUMULATED_RCVRY_EURO_AMT;5_MONTANTS EURO;Field
TEC_CONTRACT;VALUT_ADJSTMT_EURO_AMT;5_MONTANTS EURO;Field
TEC_CONTRACT;ORIGNL_UNITRY_ACQ_EURO_AMT;5_MONTANTS EURO;Field
TEC_CONTRACT;OVR_INDEBTED_EURO_AMT;5_MONTANTS EURO;Field
TEC_CONTRACT;PLND_PMT_EURO_AMT;5_MONTANTS EURO;Field
TEC_CONTRACT;FLUC_RISK_INTRNL_BASE_EURO_AMT;5_MONTANTS EURO;Field
TEC_CONTRACT;LOCL_CALCD_RGLTRY_BASE_EURO_AMT;5_MONTANTS EURO;Field
TEC_CONTRACT;DBTFL_DEBT_PRT_EURO_AMT;5_MONTANTS EURO;Field
TEC_CONTRACT;TRMTN_COMP_EURO_AMT;5_MONTANTS EURO;Field
TEC_CONTRACT;DEBT_RECVBL_CLTRLZD_EURO_AMT;5_MONTANTS EURO;Field
TEC_CONTRACT;ASSET_HRCT_EURO_AMT;5_MONTANTS EURO;Field
TEC_CONTRACT;OVRDRFT_BAL_EURO_AMT;5_MONTANTS EURO;Field
TEC_CONTRACT;COMS_EURO_AMT;5_MONTANTS EURO;Field
TEC_CONTRACT;COMS_OUTSANDING_EURO_AMT;5_MONTANTS EURO;Field
TEC_CONTRACT;BUY_LEG_NON_EXPRD_COUPN_EURO_AMT;5_MONTANTS EURO;Field
TEC_CONTRACT;BORWG_LEG_NON_EXPRD_COUPN_EURO_AMT;5_MONTANTS EURO;Field
TEC_CONTRACT;LENDG_LEG_NON_EXPRD_COUPN_EURO_AMT;5_MONTANTS EURO;Field
TEC_CONTRACT;SEL_LEG_NON_EXPRD_COUPN_EURO_AMT;5_MONTANTS EURO;Field
TEC_CONTRACT;UNPD_CPTL_EURO_AMT;5_MONTANTS EURO;Field
TEC_CONTRACT;PRVDD_FUNDS_EURO_AMT;5_MONTANTS EURO;Field
TEC_CONTRACT;BLNCG_ADJSTMT_AVG_RATE_EURO_AMT;5_MONTANTS EURO;Field
TEC_CONTRACT;PD_INT_EURO_AMT;5_MONTANTS EURO;Field
TEC_CONTRACT;ACRUD_INT_NOT_DUE_EURO_AMT;5_MONTANTS EURO;Field
TEC_CONTRACT;BORWG_LEG_PD_INT_EURO_AMT;5_MONTANTS EURO;Field
TEC_CONTRACT;LENDG_LEG_PD_INT_EURO_AMT;5_MONTANTS EURO;Field
TEC_CONTRACT;UNPD_DRWN_INT_OUTST_EURO_AMT;5_MONTANTS EURO;Field
TEC_CONTRACT;MTH_FUND_RLEAS_EURO_AMT;5_MONTANTS EURO;Field
TEC_CONTRACT;EARLY_WDRWL_EURO_AMT;5_MONTANTS EURO;Field
TEC_CONTRACT;PRCHD_RECVBL_PREM_EURO_AMT;5_MONTANTS EURO;Field
TEC_CONTRACT;ASSET_MKT_VAL_EURO_AMT;5_MONTANTS EURO;Field
TEC_CONTRACT;UNPD_DRWN_CPTL_EURO_AMT;5_MONTANTS EURO;Field
TEC_CONTRACT;GRS_MK_TO_MKT_EURO_AMT;5_MONTANTS EURO;Field
TEC_CONTRACT;UNPD_PORTN_MTM_EURO_AMT;5_MONTANTS EURO;Field
TEC_CONTRACT;BASE_COUPN_MTM_EURO_AMT;5_MONTANTS EURO;Field
TEC_CONTRACT;BORWG_LEG_INVSTMT_PROD_NMNL_EURO_AMT;5_MONTANTS EURO;Field
TEC_CONTRACT;LENDG_LEG_INVSTMT_PROD_NMNL_EURO_AMT;5_MONTANTS EURO;Field
TEC_CONTRACT;SEL_LEG_NMNL_EURO_AMT;5_MONTANTS EURO;Field
TEC_CONTRACT;SCHD_STGE_EURO_AMT;5_MONTANTS EURO;Field
TEC_CONTRACT;MTH_MODFN_EURO_AMT;5_MONTANTS EURO;Field
TEC_CONTRACT;RLTD_CUR_ACCT_BAL_EURO_AMT;5_MONTANTS EURO;Field
TEC_CONTRACT;INIT_PMT_EURO_AMT;5_MONTANTS EURO;Field
TEC_CONTRACT;STRSSED_IMM_EAD_EURO_AMT;5_MONTANTS EURO;Field
TEC_CONTRACT;IMM_EAD_EURO_AMT;5_MONTANTS EURO;Field
TEC_CONTRACT;SCURTS_GLOBL_NMNL_EURO_AMT;5_MONTANTS EURO;Field
TEC_CONTRACT;UPDT_MTH_INT_EURO_AMT;5_MONTANTS EURO;Field
TEC_CONTRACT;INT_OUTST_EURO_AMT;5_MONTANTS EURO;Field
TEC_CONTRACT;EARLY_RPMT_CMPSTN_EURO_AMT;5_MONTANTS EURO;Field
TEC_CONTRACT;AGMT_ASSET_LEASG_EURO_AMT;5_MONTANTS EURO;Field
TEC_CONTRACT;MAXM_ACHIEVABLE_EURO_AMT;5_MONTANTS EURO;Field
TEC_CONTRACT;MRGN_CALL_TFRT_MINIMAL_EURO_AMT;5_MONTANTS EURO;Field
TEC_CONTRACT;LENDG_LEG_MTM_EURO_AMT;5_MONTANTS EURO;Field
TEC_CONTRACT;NETG_AGMT_MTM_EURO_AMT;5_MONTANTS EURO;Field
TEC_CONTRACT;NOTL_EURO_AMT;5_MONTANTS EURO;Field
TEC_CONTRACT;LTR_OF_CR_NMNL_EURO_AMT;5_MONTANTS EURO;Field
TEC_CONTRACT;BORWG_LEG_NMNL_HSTCL_EURO_AMT;5_MONTANTS EURO;Field
TEC_CONTRACT;BUY_LEG_NMNL_EURO_AMT;5_MONTANTS EURO;Field
TEC_CONTRACT;AGMT_ORIGNL_EURO_AMT;5_MONTANTS EURO;Field
TEC_CONTRACT;UNDRWN_EURO_AMT;5_MONTANTS EURO;Field
TEC_CONTRACT;MTH_EARLY_RPMT_EURO_AMT;5_MONTANTS EURO;Field
TEC_CONTRACT;TOT_EARLY_RPMT_EURO_AMT;5_MONTANTS EURO;Field
TEC_CONTRACT;MRGN_CALL_TRIGRING_THRSH_EURO_AMT;5_MONTANTS EURO;Field
TEC_CONTRACT;TOT_MODFN_EURO_AMT;5_MONTANTS EURO;Field
TEC_CONTRACT;AGMT_ASSET_LEAS_RSDUL_EURO_AMT;5_MONTANTS EURO;Field
TEC_CONTRACT;UNPD_INT_EURO_AMT;5_MONTANTS EURO;Field
TEC_CONTRACT;NON_IMPUTD_VALS_CPTL_EURO_AMT;5_MONTANTS EURO;Field
TEC_CONTRACT;NON_IMPUTD_VALS_INT_EURO_AMT;5_MONTANTS EURO;Field
TEC_CONTRACT;PRCH_NMNL_EURO_AMT;5_MONTANTS EURO;Field
TEC_CONTRACT;CSH_LEG_EURO_AMT;5_MONTANTS EURO;Field
TEC_CONTRACT;SCURTY_LEG_EURO_AMT;5_MONTANTS EURO;Field
TEC_CONTRACT;LENDG_LEG_NMNL_HSTCL_EURO_AMT;5_MONTANTS EURO;Field
TEC_CONTRACT;SCURTY_UNITRY_NMNL_EURO_AMT;5_MONTANTS EURO;Field
TEC_CONTRACT;SL_NMNL_EURO_AMT;5_MONTANTS EURO;Field
TEC_CONTRACT;EXRCS_PRC_EURO_AMT;5_MONTANTS EURO;Field
TEC_CONTRACT;SCURTY_UNITRY_HSTCL_EURO_AMT;5_MONTANTS EURO;Field
TEC_CONTRACT;ENDG_LEDGR_BAL_EURO_AMT;5_MONTANTS EURO;Field
TEC_CONTRACT;OVRPRC___DRP_IN_VAL_EURO_AMT;5_MONTANTS EURO;Field
TEC_CONTRACT;LAST_ASESMT_ASSET_MKT_VAL_EURO_AMT;5_MONTANTS EURO;Field
TEC_CONTRACT;ASSET_MORTG_VAL_EURO_AMT;5_MONTANTS EURO;Field
TEC_CONTRACT;SCURTY_UNITRY_EURO_AMT;5_MONTANTS EURO;Field
TEC_CONTRACT;RPRCH_SCURTY_UNITRY_EURO_AMT;5_MONTANTS EURO;Field
TEC_CONTRACT;PMT_EURO_AMT;5_MONTANTS EURO;Field
TEC_CONTRACT;6_MESURES DIVERSES;;Folder
TEC_CONTRACT;BORWG_LEG_SCURTY_QTY;6_MESURES DIVERSES;Field
TEC_CONTRACT;LENDG_LEG_SCURTY_QTY;6_MESURES DIVERSES;Field
TEC_CONTRACT;NOTC_PRD_DAYS_NB;6_MESURES DIVERSES;Field
TEC_CONTRACT;SPOT_PRC_VAL;6_MESURES DIVERSES;Field
TEC_CONTRACT;SCHD_NB;6_MESURES DIVERSES;Field
TEC_CONTRACT;UNPD_TERMS_NB;6_MESURES DIVERSES;Field
TEC_CONTRACT;TMTBL_NB;6_MESURES DIVERSES;Field
TEC_CONTRACT;SCHD_STGE_NB;6_MESURES DIVERSES;Field
TEC_CONTRACT;SCURTY_EXTR_RTG_VAL;6_MESURES DIVERSES;Field
TEC_CONTRACT;ORIGNL_RISK_GRADE_VAL;6_MESURES DIVERSES;Field
TEC_CONTRACT;SEL_NOTL_QTY;6_MESURES DIVERSES;Field
TEC_CONTRACT;BUY_NOTL_QTY;6_MESURES DIVERSES;Field
TEC_CONTRACT;CNTPTY_QTY;6_MESURES DIVERSES;Field
TEC_CONTRACT;SCURTY_QTY;6_MESURES DIVERSES;Field
TEC_CONTRACT;OMP_LOCL_CRITRN_1_VAL;6_MESURES DIVERSES;Field
TEC_CONTRACT;OMP_LOCL_CRITRN_2_VAL;6_MESURES DIVERSES;Field
TEC_CONTRACT;POOLG_CRITRA_VAL;6_MESURES DIVERSES;Field
TEC_CONTRACT;SCURTY_ISSU_DT_CPI_VAL;6_MESURES DIVERSES;Field
TEC_CONTRACT;BORWG_LEG_SCURTY_ISSU_DT_CPI_VAL;6_MESURES DIVERSES;Field
TEC_CONTRACT;LENDG_LEG_SCURTY_ISSU_DT_CPI_VAL;6_MESURES DIVERSES;Field
TEC_CONTRACT;CPI_VAL;6_MESURES DIVERSES;Field
TEC_CONTRACT;BORWG_LEG_NXT_PRD_RATE_INDX_VAL;6_MESURES DIVERSES;Field
TEC_CONTRACT;LENDG_LEG_NXT_PRD_RATE_INDX_VAL;6_MESURES DIVERSES;Field
TEC_CONTRACT;NXT_PRD_RATE_INDX_VAL;6_MESURES DIVERSES;Field
TEC_CONTRACT;ORIGNL_EXTR_CORP_RISK_GRADE_VAL;6_MESURES DIVERSES;Field
TEC_CONTRACT;ORIGNL_INTRNL_CORP_RISK_GRADE_VAL;6_MESURES DIVERSES;Field
TEC_CONTRACT;ORIGNL_RTAIL_RISK_GRADE_VAL;6_MESURES DIVERSES;Field
TEC_CONTRACT;ATACHMT_PNT_VAL;6_MESURES DIVERSES;Field
TEC_CONTRACT;DTACHMENT_PNT_VAL;6_MESURES DIVERSES;Field
TEC_CONTRACT;7_TAUX RATIO;;Folder
TEC_CONTRACT;ANNUAL_BONIFICATION_RATE;7_TAUX RATIO;Field
TEC_CONTRACT;ISSUR_SPRD_RATE;7_TAUX RATIO;Field
TEC_CONTRACT;DVIDND_SHR_RATE;7_TAUX RATIO;Field
TEC_CONTRACT;EXPCTD_LOSS_BEST_EST_RATE;7_TAUX RATIO;Field
TEC_CONTRACT;GRNTNG_LTI_VAL;7_TAUX RATIO;Field
TEC_CONTRACT;THEORICAL_ACTUARIAL_COMRCL_MRGN_RATE;7_TAUX RATIO;Field
TEC_CONTRACT;PD_RATE_MRGN_RATE;7_TAUX RATIO;Field
TEC_CONTRACT;RECVD_RATE_MRGN_RATE;7_TAUX RATIO;Field
TEC_CONTRACT;CAP_COST_RATE;7_TAUX RATIO;Field
TEC_CONTRACT;SCURTZN_NMNL_WTD_RATE;7_TAUX RATIO;Field
TEC_CONTRACT;INT_CPTLZN_RATE;7_TAUX RATIO;Field
TEC_CONTRACT;EXRCS_PRC_RATE;7_TAUX RATIO;Field
TEC_CONTRACT;ORIGNL_PRBTY_DFLT_RATE;7_TAUX RATIO;Field
TEC_CONTRACT;RFINCG_QTTY_RATE;7_TAUX RATIO;Field
TEC_CONTRACT;GRC_PRD_RATE;7_TAUX RATIO;Field
TEC_CONTRACT;ONGOING_ADVNC_RATE;7_TAUX RATIO;Field
TEC_CONTRACT;BONIFICATION_RATE;7_TAUX RATIO;Field
TEC_CONTRACT;NARROW_SENSE_EFF_INT_RATE;7_TAUX RATIO;Field
TEC_CONTRACT;CNTRL_RATE;7_TAUX RATIO;Field
TEC_CONTRACT;REFIXG_THRSH_RATE;7_TAUX RATIO;Field
TEC_CONTRACT;FACIAL_RATE;7_TAUX RATIO;Field
TEC_CONTRACT;BORWG_LEG_NMNL_RATE;7_TAUX RATIO;Field
TEC_CONTRACT;LENDG_LEG_NMNL_RATE;7_TAUX RATIO;Field
TEC_CONTRACT;NMNL_RATE;7_TAUX RATIO;Field
TEC_CONTRACT;PRSNNAL_INVSTMT_RATE;7_TAUX RATIO;Field
TEC_CONTRACT;BNK_INCRD_RATE;7_TAUX RATIO;Field
TEC_CONTRACT;GRS_RATE;7_TAUX RATIO;Field
TEC_CONTRACT;CUST_RATE;7_TAUX RATIO;Field
TEC_CONTRACT;INIT_CUST_RATE;7_TAUX RATIO;Field
TEC_CONTRACT;GRNTNG_CUST_RATE;7_TAUX RATIO;Field
TEC_CONTRACT;EFF_INT_RATE;7_TAUX RATIO;Field
TEC_CONTRACT;ORIGNL_EFF_INT_RATE;7_TAUX RATIO;Field
TEC_CONTRACT;GOVT_PREM_RATE;7_TAUX RATIO;Field
TEC_CONTRACT;EARLY_WDRWL_PENALITY_RATE;7_TAUX RATIO;Field
TEC_CONTRACT;ANNUAL_GRS_YLD_MATURTY_RATE;7_TAUX RATIO;Field
TEC_CONTRACT;GLOBL_EFF_INT_RATE;7_TAUX RATIO;Field
TEC_CONTRACT;ORIGNL_EFF_RATE;7_TAUX RATIO;Field
TEC_CONTRACT;GRNTNG_DEBT_RATIO_RATE;7_TAUX RATIO;Field
TEC_CONTRACT;FIXD_INT_RATE;7_TAUX RATIO;Field
TEC_CONTRACT;MLTPLTV_MRGN_RATE;7_TAUX RATIO;Field
TEC_CONTRACT;NET_RATE;7_TAUX RATIO;Field
TEC_CONTRACT;PRBTY_DFLT_RATE;7_TAUX RATIO;Field
TEC_CONTRACT;CAP_RATE;7_TAUX RATIO;Field
TEC_CONTRACT;INIT_CAP_RATE;7_TAUX RATIO;Field
TEC_CONTRACT;FLOOR_RATE;7_TAUX RATIO;Field
TEC_CONTRACT;INIT_FLOOR_RATE;7_TAUX RATIO;Field
TEC_CONTRACT;INTRNL_TFRT_PRC_SLS_MNTRG_COMPT_RATE;7_TAUX RATIO;Field
TEC_CONTRACT;INTRNL_TFRT_PRC_RATE;7_TAUX RATIO;Field
TEC_CONTRACT;INTRNL_TFRT_PRC_BAL_SHET_RATE;7_TAUX RATIO;Field
TEC_CONTRACT;INTRNL_TFRT_PRC_LQDTY_COMPT_RATE;7_TAUX RATIO;Field
TEC_CONTRACT;INTRNL_TFRT_PRC_OPTL_COMPT_RATE;7_TAUX RATIO;Field
TEC_CONTRACT;INTRNL_TFRT_PRC_BASE_RISK_COMPT_RATE;7_TAUX RATIO;Field
TEC_CONTRACT;INTRNL_TFRT_PRC_RATE_COMPT_RATE;7_TAUX RATIO;Field
TEC_CONTRACT;LOCL_INTRNL_TFRT_PRC_RATE;7_TAUX RATIO;Field
TEC_CONTRACT;GRS_YLD_MATURTY_RATE;7_TAUX RATIO;Field
TEC_CONTRACT;RVSD_LTI_VAL;7_TAUX RATIO;Field
TEC_CONTRACT;LOCL_GRNTNG_LTV_VAL;7_TAUX RATIO;Field
TEC_CONTRACT;RVSD_LTV_VAL;7_TAUX RATIO;Field
TEC_CONTRACT;8_TEXTE LIBRE;;Folder
TEC_CONTRACT;ACCNTG_RECNCLN_VAL;8_TEXTE LIBRE;Field
TEC_CONTRACT;DATA_RSRVD_LOCL;8_TEXTE LIBRE;Field
TEC_CONTRACT;RM9 (En attente de classification en boites);;Folder
TEC_CONTRACT;ACRUD_INT_NOT_DUE_AMT_LIABTY_ASSET_IND;RM9 (En attente de classification en boites);Field
TEC_CONTRACT;AMRTZN_METH_FINC_CD;RM9 (En attente de classification en boites);Field
TEC_CONTRACT;BORWG_LEG_OUTST_AMT_FR_COAA_CD;RM9 (En attente de classification en boites);Field
TEC_CONTRACT;BORWG_LEG_OUTST_AMT_IAS_COAA_CD;RM9 (En attente de classification en boites);Field
TEC_CONTRACT;CPTL_AMRTZN_PERIODCITY_FINC_CD;RM9 (En attente de classification en boites);Field
TEC_CONTRACT;CLTRL_AGMTS_CD;RM9 (En attente de classification en boites);Field
TEC_CONTRACT;CLTRL_TYPE_CD;RM9 (En attente de classification en boites);Field
TEC_CONTRACT;EXCHS_SCURTS_CD;RM9 (En attente de classification en boites);Field
TEC_CONTRACT;EXPL_UNIT_CD;RM9 (En attente de classification en boites);Field
TEC_CONTRACT;FRST_PMT_FINC_DT;RM9 (En attente de classification en boites);Field
TEC_CONTRACT;FR_GAAP_ACCNTG_AMT_FR_COAA_CD;RM9 (En attente de classification en boites);Field
TEC_CONTRACT;FR_GAAP_ACCNTG_AMT_LIABTY_ASSET_IND;RM9 (En attente de classification en boites);Field
TEC_CONTRACT;IFRS_ACCNTG_AMT_COA_CD;RM9 (En attente de classification en boites);Field
TEC_CONTRACT;IFRS_ACCNTG_AMT_LIABTY_ASSET_IND;RM9 (En attente de classification en boites);Field
TEC_CONTRACT;IFRS_AGMT_STS_CD;RM9 (En attente de classification en boites);Field
TEC_CONTRACT;INSLVCY_RANKG_CD;RM9 (En attente de classification en boites);Field
TEC_CONTRACT;ISSUC_REFD_CD;RM9 (En attente de classification en boites);Field
TEC_CONTRACT;LAST_PMT_DT;RM9 (En attente de classification en boites);Field
TEC_CONTRACT;LENDG_LEG_OUTST_AMT_FR_COAA_CD;RM9 (En attente de classification en boites);Field
TEC_CONTRACT;LENDG_LEG_OUTST_AMT_IAS_COAA_CD;RM9 (En attente de classification en boites);Field
TEC_CONTRACT;MK_TO_MKT_FINC_AMT_CURY_CD;RM9 (En attente de classification en boites);Field
TEC_CONTRACT;OWN_FUNDS_AMT_CURY_CD;RM9 (En attente de classification en boites);Field
TEC_CONTRACT;PD_INT_AMT_LIABTY_ASSET_IND;RM9 (En attente de classification en boites);Field
TEC_CONTRACT;PMT_CURY_ACRUD_INT_NOT_DUE_AMT_COA_CD;RM9 (En attente de classification en boites);Field
TEC_CONTRACT;PMT_CURY_ACRUD_INT_NOT_DUE_AMT_LIABTY_ASSET_IND;RM9 (En attente de classification en boites);Field
TEC_CONTRACT;PMT_FINC_AMT_CURY_CD;RM9 (En attente de classification en boites);Field
TEC_CONTRACT;PLACEMT_CD;RM9 (En attente de classification en boites);Field
TEC_CONTRACT;PRCH_ACRUD_COUPN_AMT_CURY_CD;RM9 (En attente de classification en boites);Field
TEC_CONTRACT;QLFYG_OWN_FUNDS_CD;RM9 (En attente de classification en boites);Field
TEC_CONTRACT;RSULT_DVISN_FINC_CD;RM9 (En attente de classification en boites);Field
TEC_CONTRACT;RISK_GRP_GRADE_SEGMT_CD;RM9 (En attente de classification en boites);Field
TEC_CONTRACT;SCURD_LIABTY_CLTRLZD_UNCLTRLZD_PRT_AMT_CURY_CD;RM9 (En attente de classification en boites);Field
TEC_CONTRACT;SCURTY_ENT_FUNDG_AMT_CURY_CD;RM9 (En attente de classification en boites);Field
TEC_CONTRACT;SETLMT_SYSS_DESC;RM9 (En attente de classification en boites);Field
TEC_CONTRACT;TSACTN_DRCTN_FINC_CD;RM9 (En attente de classification en boites);Field
TEC_CONTRACT;CAP_FINC_RATE;RM9 (En attente de classification en boites);Field
TEC_CONTRACT;FLOOR_FINC_RATE;RM9 (En attente de classification en boites);Field
TEC_CONTRACT;MK_TO_MKT_FINC_AMT;RM9 (En attente de classification en boites);Field
TEC_CONTRACT;MK_TO_MKT_FINC_EURO_AMT;RM9 (En attente de classification en boites);Field
TEC_CONTRACT;ORIGNL_EFF_INT_FINC_RATE;RM9 (En attente de classification en boites);Field
TEC_CONTRACT;OWN_FUNDS_AMT;RM9 (En attente de classification en boites);Field
TEC_CONTRACT;OWN_FUNDS_EURO_AMT;RM9 (En attente de classification en boites);Field
TEC_CONTRACT;PMT_FINC_AMT;RM9 (En attente de classification en boites);Field
TEC_CONTRACT;PMT_FINC_EURO_AMT;RM9 (En attente de classification en boites);Field
TEC_CONTRACT;PRCH_ACRUD_COUPN_AMT;RM9 (En attente de classification en boites);Field
TEC_CONTRACT;PRCH_ACRUD_COUPN_EURO_AMT;RM9 (En attente de classification en boites);Field
TEC_CONTRACT;SCURD_LIABTY_CLTRLZD_UNCLTRLZD_PRT_AMT;RM9 (En attente de classification en boites);Field
TEC_CONTRACT;SCURD_LIABTY_CLTRLZD_UNCLTRLZD_PRT_EURO_AMT;RM9 (En attente de classification en boites);Field
TEC_CONTRACT;SCURTY_ENT_FUNDG_AMT;RM9 (En attente de classification en boites);Field
TEC_CONTRACT;SCURTY_ENT_FUNDG_EURO_AMT;RM9 (En attente de classification en boites);Field
TEC_CONTRACT;RM10 (En attente de classification en boites);;Folder
TEC_CONTRACT;AGMT_ASSET_LEASG_INT_UNPD_DRWN_AMT_CURY_CD;RM10 (En attente de classification en boites);Field
TEC_CONTRACT;AGMT_ASSET_LEASG_UNPD_DRWN_AMT_CURY_CD;RM10 (En attente de classification en boites);Field
TEC_CONTRACT;CENTRE_SRC_CD;RM10 (En attente de classification en boites);Field
TEC_CONTRACT;COMS_OUTSANDING_AMT_CURY_CD1;RM10 (En attente de classification en boites);Field
TEC_CONTRACT;COMS_OUTSANDING_UNPD_DRWN_AMT_CURY_CD;RM10 (En attente de classification en boites);Field
TEC_CONTRACT;CPTL_INT_OUTST_UNPD_DRWN_AMT_CURY_CD;RM10 (En attente de classification en boites);Field
TEC_CONTRACT;CPTL_OUTST_UNPD_DRWN_AMT_CURY_CD;RM10 (En attente de classification en boites);Field
TEC_CONTRACT;INT_OUTST_UNPD_DRWN_AMT_CURY_CD;RM10 (En attente de classification en boites);Field
TEC_CONTRACT;OVRDRFT_BAL_INT_UNPD_DRWN_AMT_CURY_CD;RM10 (En attente de classification en boites);Field
TEC_CONTRACT;OVRDRFT_BAL_UNPD_DRWN_AMT_CURY_CD;RM10 (En attente de classification en boites);Field
TEC_CONTRACT;AGMT_ASSET_LEASG_INT_UNPD_DRWN_AMT;RM10 (En attente de classification en boites);Field
TEC_CONTRACT;AGMT_ASSET_LEASG_INT_UNPD_DRWN_EURO_AMT;RM10 (En attente de classification en boites);Field
TEC_CONTRACT;AGMT_ASSET_LEASG_UNPD_DRWN_AMT;RM10 (En attente de classification en boites);Field
TEC_CONTRACT;AGMT_ASSET_LEASG_UNPD_DRWN_EURO_AMT;RM10 (En attente de classification en boites);Field
TEC_CONTRACT;COMS_OUTSANDING__UNPD_DRWN_AMT;RM10 (En attente de classification en boites);Field
TEC_CONTRACT;COMS_OUTSANDING_UNPD_DRWN_EURO_AMT;RM10 (En attente de classification en boites);Field
TEC_CONTRACT;CPTL_INT_OUTST_UNPD_DRWN_AMT;RM10 (En attente de classification en boites);Field
TEC_CONTRACT;CPTL_INT_OUTST_UNPD_DRWN_EURO_AMT;RM10 (En attente de classification en boites);Field
TEC_CONTRACT;CPTL_OUTST_UNPD_DRWN_AMT;RM10 (En attente de classification en boites);Field
TEC_CONTRACT;CPTL_OUTST_UNPD_DRWN_EURO_AMT;RM10 (En attente de classification en boites);Field
TEC_CONTRACT;INT_OUTST_UNPD_DRWN_EURO_AMT;RM10 (En attente de classification en boites);Field
TEC_CONTRACT;OVRDRFT_BAL_INT_UNPD_DRWN_AMT;RM10 (En attente de classification en boites);Field
TEC_CONTRACT;OVRDRFT_BAL_INT_UNPD_DRWN_EURO_AMT;RM10 (En attente de classification en boites);Field
TEC_CONTRACT;OVRDRFT_BAL_UNPD_DRWN_AMT;RM10 (En attente de classification en boites);Field
TEC_CONTRACT;OVRDRFT_BAL_UNPD_DRWN_EURO_AMT;RM10 (En attente de classification en boites);Field
TEC_CONTRACT;AUTRES;;Folder
TEC_CONTRACT;CUR_SCHD_STGE_END_DT;AUTRES;Field
TEC_CONTRACT;PROXY_CAP_LB;AUTRES;Field
TEC_CONTRACT;PROXY_CAP_CD;AUTRES;Field
TEC_CONTRACT;PRN_REF_EURO_AMT;AUTRES;Field
TEC_CONTRACT;SEC_REF_EURO_AMT;AUTRES;Field
TEC_SCHEDULE;ENT_ID;;Field
TEC_SCHEDULE;STTM_DT;;Field
TEC_SCHEDULE;CNTRCT_ID;;Field
TEC_SCHEDULE;SCHD_END_DT;;Field
TEC_SCHEDULE;SCHD_STRT_DT;;Field
TEC_SCHEDULE;SCHD_MATURTY_DT;;Field
TEC_SCHEDULE;HOST_PRTY_NUM;;Field
TEC_SCHEDULE;SRC_CD;;Field
TEC_SCHEDULE;FINC_APLCTN_CD;;Field
TEC_SCHEDULE;CPTL_CURY_CD;;Field
TEC_SCHEDULE;AMRTZN_TYPE_CD;;Field
TEC_SCHEDULE;OPRTN_LEG_TYPE_CD;;Field
TEC_SCHEDULE;RATE_TYPE_CD;;Field
TEC_SCHEDULE;BEF_SCHD_OUTST_CPTL_AMT_CURY_CD;;Field
TEC_SCHEDULE;SCHD_AMRTZD_CPTL_AMT_CURY_CD;;Field
TEC_SCHEDULE;SCHD_INT_AMT_CURY_CD;;Field
TEC_SCHEDULE;SCHD_ID;;Field
TEC_SCHEDULE;NON_POSTNG_MGR_ENT_ID;;Field
TEC_SCHEDULE;HOST_SCHD_ID;;Field
TEC_SCHEDULE;HOST_CNTRCT_ID;;Field
TEC_SCHEDULE;REF_INDX_CD;;Field
TEC_SCHEDULE;FLOW_TYPE_CD;;Field
TEC_SCHEDULE;FLOW_SCOPE;;Field
TEC_SCHEDULE;EXTR_AGMT_ID;;Field
TEC_SCHEDULE;HOST_AGMT_NUM;;Field
TEC_SCHEDULE;HOST_SUB_AGMT_NUM;;Field
TEC_SCHEDULE;PRN_REF_EURO_AMT;;Field
TEC_SCHEDULE;BEF_SCHD_OUTST_CPTL_EURO_AMT;;Field
TEC_SCHEDULE;SCHD_AMRTZD_CPTL_EURO_AMT;;Field
TEC_SCHEDULE;SCHD_INT_EURO_AMT;;Field
TEC_SCHEDULE;SCHD_AMRTZD_CPTL_AMT;;Field
TEC_SCHEDULE;BEF_SCHD_OUTST_CPTL_AMT;;Field
TEC_SCHEDULE;SCHD_INT_AMT;;Field
TEC_SCHEDULE;SCHD_NB;;Field
TEC_SCHEDULE;SCHD_NUM;;Field
TEC_SCHEDULE;CUST_RATE;;Field
TEC_ENTITY;ENT_ID;;Field
TEC_ENTITY;GRP_ID;;Field
TEC_ENTITY;POL_ID;;Field
TEC_ENTITY;INCLD_LVL_2_CD;;Field
TEC_ENTITY;INCLD_LVL_3_CD;;Field
TEC_ENTITY;INCLD_LVL_4_CD;;Field
TEC_ENTITY;ENT_SHRT_DESC;;Field
TEC_ENTITY;POL_DESC;;Field
TEC_RECEIVED_GUARANTEE;ENT_ID;;Field
TEC_RECEIVED_GUARANTEE;STTM_DT;;Field
TEC_RECEIVED_GUARANTEE;RECVD_GUAR_ID;;Field
TEC_RECEIVED_GUARANTEE;DPOSTRY_PRTY_ID;;Field
TEC_RECEIVED_GUARANTEE;GUARTR_PRTY_ID;;Field
TEC_RECEIVED_GUARANTEE;ISSUR_PRTY_ID;;Field
TEC_RECEIVED_GUARANTEE;RISK_PRTY_ID;;Field
TEC_RECEIVED_GUARANTEE;DPOSTRY_PRTY_ENT_ID;;Field
TEC_RECEIVED_GUARANTEE;GUARTR_PRTY_ENT_ID;;Field
TEC_RECEIVED_GUARANTEE;ISSUR_PRTY_ENT_ID;;Field
TEC_RECEIVED_GUARANTEE;RISK_PRTY_ENT_ID;;Field
TEC_RECEIVED_GUARANTEE;.DPOSTRY_PRTY_ID;;FolderRefView
TEC_RECEIVED_GUARANTEE;.ISSUR_PRTY_ID;;FolderRefView
TEC_RECEIVED_GUARANTEE;.RISK_PRTY_ID;;FolderRefView
TEC_RECEIVED_GUARANTEE;.GUARTR_PRTY_ID;;FolderRefView
TEC_RECEIVED_GUARANTEE;CNTRL_DT;;Field
TEC_RECEIVED_GUARANTEE;SCURTS_MATURTY_DT;;Field
TEC_RECEIVED_GUARANTEE;MATURTY_DT;;Field
TEC_RECEIVED_GUARANTEE;OPN_DT;;Field
TEC_RECEIVED_GUARANTEE;AGMT_RVSD_AMT_DT;;Field
TEC_RECEIVED_GUARANTEE;AGMT_ORIGNL_AMT_CURY_CD;;Field
TEC_RECEIVED_GUARANTEE;BLD_YR_NUM;;Field
TEC_RECEIVED_GUARANTEE;STRT_YR_NUM;;Field
TEC_RECEIVED_GUARANTEE;OFF_PTNT_YR_NUM;;Field
TEC_RECEIVED_GUARANTEE;FINC_APLCTN_CD;;Field
TEC_RECEIVED_GUARANTEE;STK_EXCH_CTRY_CD;;Field
TEC_RECEIVED_GUARANTEE;RVSD_AMT_CURY_CD;;Field
TEC_RECEIVED_GUARANTEE;MRGN_CALL_TFRT_MINIMAL_AMT_CURY_CD;;Field
TEC_RECEIVED_GUARANTEE;MRGN_CALL_TRIGRING_THRSH_AMT_CURY_CD;;Field
TEC_RECEIVED_GUARANTEE;APLCBL_LAW_CTRY_CD;;Field
TEC_RECEIVED_GUARANTEE;SCURTS_CR_QLTY_CD;;Field
TEC_RECEIVED_GUARANTEE;CLTRL_CVGE_CD;;Field
TEC_RECEIVED_GUARANTEE;AGMT_GRNLT_CD;;Field
TEC_RECEIVED_GUARANTEE;INDX_CD;;Field
TEC_RECEIVED_GUARANTEE;LEGL_NATR_ADDL_INFOMTN_1_CD;;Field
TEC_RECEIVED_GUARANTEE;LEGL_NATR_ADDL_INFOMTN_2_CD;;Field
TEC_RECEIVED_GUARANTEE;LEGL_NATR_ADDL_INFOMTN_3_CD;;Field
TEC_RECEIVED_GUARANTEE;LEGL_NATR_ADDL_INFOMTN_4_CD;;Field
TEC_RECEIVED_GUARANTEE;ISIN_CD;;Field
TEC_RECEIVED_GUARANTEE;DEP_PLACE_CD;;Field
TEC_RECEIVED_GUARANTEE;ASSET_ASESMT_METH_CD;;Field
TEC_RECEIVED_GUARANTEE;ASESMT_METH_CD;;Field
TEC_RECEIVED_GUARANTEE;DROR_NTLTY_CD;;Field
TEC_RECEIVED_GUARANTEE;ISSUR_NTLTY_CD;;Field
TEC_RECEIVED_GUARANTEE;LEGL_NATR_CD;;Field
TEC_RECEIVED_GUARANTEE;OPRTN_NATR_CD;;Field
TEC_RECEIVED_GUARANTEE;SCURTS_ISSU_CTRY_CD;;Field
TEC_RECEIVED_GUARANTEE;INTBL_ASSET_RGSTRN_CTRY_CD;;Field
TEC_RECEIVED_GUARANTEE;LOC_CTRY_CD;;Field
TEC_RECEIVED_GUARANTEE;APEL_CTRY_CD;;Field
TEC_RECEIVED_GUARANTEE;LQDTN_PRD_20D_CD;;Field
TEC_RECEIVED_GUARANTEE;SCURTY_LQDTN_PRD_CD;;Field
TEC_RECEIVED_GUARANTEE;LQDTN_PRD_X2_CD;;Field
TEC_RECEIVED_GUARANTEE;INCRMT_CLAUS_REASESMT_PERIODCITY_CD;;Field
TEC_RECEIVED_GUARANTEE;RVALUT_PERIODCITY_CD;;Field
TEC_RECEIVED_GUARANTEE;SRC_CD;;Field
TEC_RECEIVED_GUARANTEE;AGMT_SBTYPE_CD;;Field
TEC_RECEIVED_GUARANTEE;SCURTS_IDNTFTN_TYPE_CD;;Field
TEC_RECEIVED_GUARANTEE;MORTG_AMT_CURY_CD;;Field
TEC_RECEIVED_GUARANTEE;RECVD_CLTRL_INVSTMT_PRD_NEXP_CPN_AMT_CURY_CD;;Field
TEC_RECEIVED_GUARANTEE;RECVD_CLTRL_INVSTMT_PROD_NMNL_AMT_CURY_CD;;Field
TEC_RECEIVED_GUARANTEE;GUAR_RECVD_TRIGR_EV_CD;;Field
TEC_RECEIVED_GUARANTEE;CLTRL_IND;;Field
TEC_RECEIVED_GUARANTEE;CLTRL_LMT_USE_IND;;Field
TEC_RECEIVED_GUARANTEE;CVR_RATE_IND;;Field
TEC_RECEIVED_GUARANTEE;EXPL_UNIT_CD;;Field
TEC_RECEIVED_GUARANTEE;RECVD_CLTRL_AMT_CURY_CD;;Field
TEC_RECEIVED_GUARANTEE;RISK_MTGNT_POTEN_MAXM_AMT_CURY_CD;;Field
TEC_RECEIVED_GUARANTEE;RISK_MTGNT_TYPE_CD;;Field
TEC_RECEIVED_GUARANTEE;UNLTD_AMT_IND;;Field
TEC_RECEIVED_GUARANTEE;HOST_RECVD_GUAR_ID;;Field
TEC_RECEIVED_GUARANTEE;BORWG_BASE_IND;;Field
TEC_RECEIVED_GUARANTEE;COVNT_CNTRL_IND;;Field
TEC_RECEIVED_GUARANTEE;RLTNSHP_BORWR_GUAR_IND;;Field
TEC_RECEIVED_GUARANTEE;ELGBLY_IND;;Field
TEC_RECEIVED_GUARANTEE;DIR_GUAR_IND;;Field
TEC_RECEIVED_GUARANTEE;EXPLC_GUAR_IND;;Field
TEC_RECEIVED_GUARANTEE;UNCONDITIONAL_GUAR_IND;;Field
TEC_RECEIVED_GUARANTEE;IRVK_GUAR_IND;;Field
TEC_RECEIVED_GUARANTEE;BSL_RTG_INDX_IND;;Field
TEC_RECEIVED_GUARANTEE;LEAS_MGMT_IND;;Field
TEC_RECEIVED_GUARANTEE;PTNT_ISSUD_IND;;Field
TEC_RECEIVED_GUARANTEE;REAL_ESTAT_ASSET_QLTY_IND;;Field
TEC_RECEIVED_GUARANTEE;MORTAGE_QLTY_IND;;Field
TEC_RECEIVED_GUARANTEE;TRR_IND;;Field
TEC_RECEIVED_GUARANTEE;LEGL_NATR_LB;;Field
TEC_RECEIVED_GUARANTEE;LOC_NUTS_CD;;Field
TEC_RECEIVED_GUARANTEE;INTRAGRP_LVL_CD;;Field
TEC_RECEIVED_GUARANTEE;FLOW_TYPE_CD;;Field
TEC_RECEIVED_GUARANTEE;FLOW_SCOPE;;Field
TEC_RECEIVED_GUARANTEE;CNTRL_PERIODCITY_CD;;Field
TEC_RECEIVED_GUARANTEE;RISK_MTGNT_RANK_CD;;Field
TEC_RECEIVED_GUARANTEE;HOST_AGMT_NUM;;Field
TEC_RECEIVED_GUARANTEE;HOST_SUB_AGMT_NUM;;Field
TEC_RECEIVED_GUARANTEE;INTRAGRP_ROLE_CD;;Field
TEC_RECEIVED_GUARANTEE;CTRY_RISK_EXIT_IND;;Field
TEC_RECEIVED_GUARANTEE;MKT_TYPE_CD;;Field
TEC_RECEIVED_GUARANTEE;REAL_ESTAT_DEST_CD;;Field
TEC_RECEIVED_GUARANTEE;ACCNTG_RESPONSABL_CTR_CD;;Field
TEC_RECEIVED_GUARANTEE;PRN_REF_EURO_AMT;;Field
TEC_RECEIVED_GUARANTEE;SEC_REF_EURO_AMT;;Field
TEC_RECEIVED_GUARANTEE;RECVD_CLTRL_AMT;;Field
TEC_RECEIVED_GUARANTEE;RECVD_CLTRL_EURO_AMT;;Field
TEC_RECEIVED_GUARANTEE;RISK_MTGNT_POTEN_MAXM_AMT;;Field
TEC_RECEIVED_GUARANTEE;RISK_MTGNT_POTEN_MAXM_EURO_AMT;;Field
TEC_RECEIVED_GUARANTEE;MORTG_EURO_AMT;;Field
TEC_RECEIVED_GUARANTEE;RECVD_CLTRL_INVSTMT_PRD_NEXP_CPN_AMT;;Field
TEC_RECEIVED_GUARANTEE;RECVD_CLTRL_INVSTMT_PRD_NEXP_CPN_EURO_AMT;;Field
TEC_RECEIVED_GUARANTEE;MORTAGE_AMT;;Field
TEC_RECEIVED_GUARANTEE;MRGN_CALL_TFRT_MINIMAL_EURO_AMT;;Field
TEC_RECEIVED_GUARANTEE;MRGN_CALL_TFRT_MINIMAL_AMT;;Field
TEC_RECEIVED_GUARANTEE;RECVD_CLTRL_INVSTMT_PROD_NMNL_AMT;;Field
TEC_RECEIVED_GUARANTEE;RECVD_CLTRL_INVSTMT_PROD_NMNL_EURO_AMT;;Field
TEC_RECEIVED_GUARANTEE;AGMT_ORIGNL_AMT;;Field
TEC_RECEIVED_GUARANTEE;AGMT_ORIGNL_EURO_AMT;;Field
TEC_RECEIVED_GUARANTEE;RVSD_EURO_AMT;;Field
TEC_RECEIVED_GUARANTEE;RVSD_AMT;;Field
TEC_RECEIVED_GUARANTEE;MRGN_CALL_TRIGRING_THRSH_EURO_AMT;;Field
TEC_RECEIVED_GUARANTEE;CALCD_RECVD_GUAR_ASSOCD_TO_AUTHZTN_LN_NB;;Field
TEC_RECEIVED_GUARANTEE;CALCD_AUTHZTN_LN_NB;;Field
TEC_RECEIVED_GUARANTEE;COMRCL_RISK_CVGE_RATE;;Field
TEC_RECEIVED_GUARANTEE;POLTCL_RISK_CVGE_RATE;;Field
TEC_RECEIVED_GUARANTEE;SCURTS_OWND_QTY;;Field
TEC_RECEIVED_GUARANTEE;MRGN_CALL_TRIGRING_THRSH_AMT;;Field
TEC_PRTY_GRP;ENT_ID;;Field
TEC_PRTY_GRP;STTM_DT;;Field
TEC_PRTY_GRP;PRTY_GRP_ID;;Field
TEC_PRTY_GRP;CALCD_LINKD_PRTY_ID;;Field
TEC_PRTY_GRP;FLOW_SCOPE;;Field
TEC_PRTY_GRP;FLOW_TYPE_CD;;Field
TEC_PRTY_GRP;PARNT_PRTY_GRP_ID;;Field
TEC_PRTY_GRP;PRTY_ECU_ID;;Field
TEC_PRTY_GRP;PRTY_GRP_LONG_NAME;;Field
TEC_PRTY_GRP;PRTY_GRP_TYPE_CD;;Field
TEC_PRTY_GRP;GRP_NP_AMT;;Field
TEC_RCVD_GUAR_AUT_LINE;ENT_ID;;Field
TEC_RCVD_GUAR_AUT_LINE;STTM_DT;;Field
TEC_RCVD_GUAR_AUT_LINE;RECVD_GUAR_ID;;Field
TEC_RCVD_GUAR_AUT_LINE;AUTHZTN_LN_ID;;Field
TEC_PRTY_TO_PRTY_GRP;ENT_ID;;Field
TEC_PRTY_TO_PRTY_GRP;STTM_DT;;Field
TEC_PRTY_TO_PRTY_GRP;PRTY_ID;;Field
TEC_PRTY_TO_PRTY_GRP;PRTY_TO_PRTY_GRP_RSN_CD;;Field
TEC_AUTORIZATION_LINE;ENT_ID;;Field
TEC_AUTORIZATION_LINE;STTM_DT;;Field
TEC_AUTORIZATION_LINE;AUTHZTN_ID;;Field
TEC_AUTORIZATION_LINE;AUTHZTN_LN_ID;;Field
TEC_AUTORIZATION_LINE;BNFRY_PRTY_ID;;Field
TEC_AUTORIZATION_LINE;RISK_PRTY_ID;;Field
TEC_AUTORIZATION_LINE;BNFRY_PRTY_ENT_ID;;Field
TEC_AUTORIZATION_LINE;RISK_PRTY_ENT_ID;;Field
TEC_AUTORIZATION_LINE;.BNFRY_PRTY_ID;;FolderRefView
TEC_AUTORIZATION_LINE;.RISK_PRTY_ID;;FolderRefView
TEC_AUTORIZATION_LINE;MATURTY_DT;;Field
TEC_AUTORIZATION_LINE;DRWG_DEADLN_DT;;Field
TEC_AUTORIZATION_LINE;OPN_DT;;Field
TEC_AUTORIZATION_LINE;AGMT_ASSET_LEASG_INT_UNPD_DRWN_AMT_CURY_CD;;Field
TEC_AUTORIZATION_LINE;AGMT_ASSET_LEASG_UNPD_DRWN_AMT_CURY_CD;;Field
TEC_AUTORIZATION_LINE;COMS_OUTSANDING_UNPD_DRWN_AMT_CURY_CD;;Field
TEC_AUTORIZATION_LINE;CPTL_INT_OUTST_UNPD_DRWN_AMT_CURY_CD;;Field
TEC_AUTORIZATION_LINE;CPTL_OUTST_UNPD_DRWN_AMT_CURY_CD;;Field
TEC_AUTORIZATION_LINE;INT_OUTST_UNPD_DRWN_AMT_CURY_CD;;Field
TEC_AUTORIZATION_LINE;OVRDRFT_BAL_INT_UNPD_DRWN_AMT_CURY_CD;;Field
TEC_AUTORIZATION_LINE;OVRDRFT_BAL_UNPD_DRWN_AMT_CURY_CD;;Field
TEC_AUTORIZATION_LINE;FAC_AMT_CURY_CD;;Field
TEC_AUTORIZATION_LINE;RVSD_AMT_CURY_CD;;Field
TEC_AUTORIZATION_LINE;PRCHD_RECVBL_PREM_AMT_CURY_CD;;Field
TEC_AUTORIZATION_LINE;FAC_AUTHZD_CURY_CD;;Field
TEC_AUTORIZATION_LINE;AGMT_GRNLT_CD;;Field
TEC_AUTORIZATION_LINE;DFLT_LIQUITY_CD;;Field
TEC_AUTORIZATION_LINE;EXPSR_NATR_CD;;Field
TEC_AUTORIZATION_LINE;SRC_CD;;Field
TEC_AUTORIZATION_LINE;AGMT_SBTYPE_CD;;Field
TEC_AUTORIZATION_LINE;EXPSR_SBTYPE_CD;;Field
TEC_AUTORIZATION_LINE;RWA_ENGN_CD;;Field
TEC_AUTORIZATION_LINE;RISK_TYPE_CD;;Field
TEC_AUTORIZATION_LINE;EXPSR_MAXIMAL_DURTN_NUM;;Field
TEC_AUTORIZATION_LINE;HOST_AUTHZTN_LN_ID;;Field
TEC_AUTORIZATION_LINE;BNFRY_PRTY_LOCL_ID;;Field
TEC_AUTORIZATION_LINE;RISK_PRTY_LOCL_ID;;Field
TEC_AUTORIZATION_LINE;CONSOLATED_ENT_ID;;Field
TEC_AUTORIZATION_LINE;EXPL_UNIT_CD;;Field
TEC_AUTORIZATION_LINE;BSL_II_APRCH_TYPE_CD;;Field
TEC_AUTORIZATION_LINE;INTRAGRP_LVL_CD;;Field
TEC_AUTORIZATION_LINE;FLOW_TYPE_CD;;Field
TEC_AUTORIZATION_LINE;FLOW_SCOPE;;Field
TEC_AUTORIZATION_LINE;HOST_AGMT_NUM;;Field
TEC_AUTORIZATION_LINE;INTRAGRP_ROLE_CD;;Field
TEC_AUTORIZATION_LINE;MKT_TYPE_CD;;Field
TEC_AUTORIZATION_LINE;AUTHZD_TSACTN_RTG_VAL;;Field
TEC_AUTORIZATION_LINE;ACCNTG_RESPONSABL_CTR_CD;;Field
TEC_AUTORIZATION_LINE;AGMT_ASSET_LEASG_INT_UNPD_DRWN_AMT;;Field
TEC_AUTORIZATION_LINE;AGMT_ASSET_LEASG_INT_UNPD_DRWN_EURO_AMT;;Field
TEC_AUTORIZATION_LINE;AGMT_ASSET_LEASG_UNPD_DRWN_AMT;;Field
TEC_AUTORIZATION_LINE;AGMT_ASSET_LEASG_UNPD_DRWN_EURO_AMT;;Field
TEC_AUTORIZATION_LINE;COMS_OUTSANDING__UNPD_DRWN_AMT;;Field
TEC_AUTORIZATION_LINE;COMS_OUTSANDING_UNPD_DRWN_EURO_AMT;;Field
TEC_AUTORIZATION_LINE;CPTL_INT_OUTST_UNPD_DRWN_AMT;;Field
TEC_AUTORIZATION_LINE;CPTL_INT_OUTST_UNPD_DRWN_EURO_AMT;;Field
TEC_AUTORIZATION_LINE;CPTL_OUTST_UNPD_DRWN_AMT;;Field
TEC_AUTORIZATION_LINE;CPTL_OUTST_UNPD_DRWN_EURO_AMT;;Field
TEC_AUTORIZATION_LINE;INT_OUTST_UNPD_DRWN_AMT;;Field
TEC_AUTORIZATION_LINE;INT_OUTST_UNPD_DRWN_EURO_AMT;;Field
TEC_AUTORIZATION_LINE;OVRDRFT_BAL_INT_UNPD_DRWN_AMT;;Field
TEC_AUTORIZATION_LINE;OVRDRFT_BAL_INT_UNPD_DRWN_EURO_AMT;;Field
TEC_AUTORIZATION_LINE;OVRDRFT_BAL_UNPD_DRWN_AMT;;Field
TEC_AUTORIZATION_LINE;OVRDRFT_BAL_UNPD_DRWN_EURO_AMT;;Field
TEC_AUTORIZATION_LINE;PRN_REF_EURO_AMT;;Field
TEC_AUTORIZATION_LINE;CALCD_AUTHZTN_LN_ASSOCD_TO_RECVD_GUAR_NB;;Field
TEC_AUTORIZATION_LINE;CALCD_LNKD_CNTRCT_NB;;Field
TEC_AUTORIZATION_LINE;CALCD_RECVD_GUAR_NB;;Field
TEC_AUTORIZATION_LINE;PRCHD_RECVBL_PREM_AMT;;Field
TEC_AUTORIZATION_LINE;FAC_AMT;;Field
TEC_AUTORIZATION_LINE;FAC_EURO_AMT;;Field
TEC_AUTORIZATION_LINE;PRCHD_RECVBL_PREM_EURO_AMT;;Field
TEC_AUTORIZATION_LINE;AGMT_ORIGNL_EURO_AMT;;Field
TEC_AUTORIZATION_LINE;AGMT_ORIGNL_AMT;;Field
TEC_AUTORIZATION_LINE;RVSD_EURO_AMT;;Field
TEC_AUTORIZATION_LINE;RVSD_AMT;;Field
TEC_AUTORIZATION_LINE;CALCD_DPRCTN_NB;;Field
TEC_SCHEDULE_STAGE;ENT_ID;;Field
TEC_SCHEDULE_STAGE;STTM_DT;;Field
TEC_SCHEDULE_STAGE;CNTRCT_ID;;Field
TEC_SCHEDULE_STAGE;SCHD_STGE_STRT_DT;;Field
TEC_SCHEDULE_STAGE;GRC_PRD_END_DT;;Field
TEC_SCHEDULE_STAGE;SCHD_STGE_END_DT;;Field
TEC_SCHEDULE_STAGE;FRST_PMT_DT;;Field
TEC_SCHEDULE_STAGE;SRC_CD;;Field
TEC_SCHEDULE_STAGE;FINC_APLCTN_CD;;Field
TEC_SCHEDULE_STAGE;INT_CALCN_BSS_CD;;Field
TEC_SCHEDULE_STAGE;SCHD_STGE_CURY_CD;;Field
TEC_SCHEDULE_STAGE;AMRTZN_METH_CD;;Field
TEC_SCHEDULE_STAGE;CPTL_AMRTZN_PERIODCITY_CD;;Field
TEC_SCHEDULE_STAGE;INT_PMT_PERIODCITY_CD;;Field
TEC_SCHEDULE_STAGE;RATE_RVW_PERIODCITY_CD;;Field
TEC_SCHEDULE_STAGE;RATE_TYPE_CD;;Field
TEC_SCHEDULE_STAGE;PMT_CURY_CD;;Field
TEC_SCHEDULE_STAGE;HOST_SCHD_STGE_ID;;Field
TEC_SCHEDULE_STAGE;SCHD_STGE_ID;;Field
TEC_SCHEDULE_STAGE;HOST_CNTRCT_ID;;Field
TEC_SCHEDULE_STAGE;DATA_FROM_CNTRCT_IND;;Field
TEC_SCHEDULE_STAGE;PRE_POST_SET_IND;;Field
TEC_SCHEDULE_STAGE;REF_INDX_CD;;Field
TEC_SCHEDULE_STAGE;RIMRS_METH_CD;;Field
TEC_SCHEDULE_STAGE;FLOW_TYPE_CD;;Field
TEC_SCHEDULE_STAGE;FLOW_SCOPE;;Field
TEC_SCHEDULE_STAGE;EXTR_AGMT_ID;;Field
TEC_SCHEDULE_STAGE;PRN_REF_EURO_AMT;;Field
TEC_SCHEDULE_STAGE;SCHD_STGE_AMT;;Field
TEC_SCHEDULE_STAGE;PMT_AMT;;Field
TEC_SCHEDULE_STAGE;SCHD_STGE_NUM;;Field
TEC_SCHEDULE_STAGE;CUST_RATE;;Field
TEC_SCHEDULE_STAGE;ADITV_MRGN_RATE;;Field
TEC_SCHEDULE_STAGE;MLTPLTV_MRGN_RATE;;Field
TEC_SCHEDULE_STAGE;CAP_RATE;;Field
TEC_SCHEDULE_STAGE;FLOOR_RATE;;Field
TEC_SCHEDULE_STAGE;PMT_EURO_AMT;;Field
TEC_SCHEDULE_STAGE;SCHD_STGE_EURO_AMT;;Field
TEC_DEPRECIATION;ENT_ID;;Field
TEC_DEPRECIATION;STTM_DT;;Field
TEC_DEPRECIATION;DPRCTD_PRTY_ID;;Field
TEC_DEPRECIATION;AUTHZTN_LN_ID;;Field
TEC_DEPRECIATION;LOCL_PRTY_ID;;Field
TEC_DEPRECIATION;.DPRCTD_PRTY_ID;;FolderRefView
TEC_DEPRECIATION;.LOCL_PRTY_ID;;FolderRefView
TEC_DEPRECIATION;PREV_ACCNTG_PRD_DPRCTN_AMT_CURY_CD;;Field
TEC_DEPRECIATION;DPRCTN_AMT_CURY_CD;;Field
TEC_DEPRECIATION;INTRAGRP_LVL_CD;;Field
TEC_DEPRECIATION;SRC_CD;;Field
TEC_DEPRECIATION;DPRCTN_ID;;Field
TEC_DEPRECIATION;HOST_DPRCTN_ID;;Field
TEC_DEPRECIATION;DPRCTN_TYPE_LB;;Field
TEC_DEPRECIATION;DPRCTN_SCP_LB;;Field
TEC_DEPRECIATION;DPRCTN_TYPE_CD;;Field
TEC_DEPRECIATION;FLOW_TYPE_CD;;Field
TEC_DEPRECIATION;PRVSN_CALCN_ORIGN_CD;;Field
TEC_DEPRECIATION;DPRCTN_AMT_COA_CD;;Field
TEC_DEPRECIATION;DPRCTN_SCP_CD;;Field
TEC_DEPRECIATION;FLOW_SCOPE;;Field
TEC_DEPRECIATION;ACCNTG_RESPONSABL_CTR_CD;;Field
TEC_DEPRECIATION;DPRCTN_GRNLT_CD;;Field
TEC_DEPRECIATION;EXPLOITATION_UNIT_CD;;Field
TEC_DEPRECIATION;HOST_DPRCTN_NUM;;Field
TEC_DEPRECIATION;INTRAGRP_ROLE_CD;;Field
TEC_DEPRECIATION;PRN_REF_EURO_AMT;;Field
TEC_DEPRECIATION;PREV_ACCNTG_PRD_DPRCTN_EURO_AMT;;Field
TEC_DEPRECIATION;PREV_ACCNTG_PRD_DPRCTN_AMT;;Field
TEC_DEPRECIATION;DPRCTN_AMT;;Field
TEC_DEPRECIATION;DPRCTN_EURO_AMT;;Field
TEC_FINREP_BALANCES;ENT_ID;;Field
TEC_FINREP_BALANCES;STTM_DT;;Field
TEC_FINREP_BALANCES;CNSLTD_ST_ENTRY_LN_ID;;Field
TEC_FINREP_BALANCES;CONSOLATED_LVL_CD;;Field
TEC_FINREP_BALANCES;CONTRIBUTING_ENT_CD;;Field
TEC_FINREP_BALANCES;FLOW_SCOPE;;Field
TEC_FINREP_BALANCES;FLOW_TYPE_CD;;Field
TEC_FINREP_BALANCES;LVL_CIB_CD;;Field
TEC_FINREP_BALANCES;SET_OF_BKS_CD;;Field
TEC_FINREP_BALANCES;ST_COL_CD;;Field
TEC_FINREP_BALANCES;ST_ROW_CD;;Field
TEC_FINREP_BALANCES;CNSLTD_ST_ENTRY_LN_AMT;;Field
TEC_FINREP_BALANCES;PRN_REF_EURO_AMT;;Field
TEC_PARTY;ENT_ID;;Field
TEC_PARTY;STTM_DT;;Field
TEC_PARTY;PRTY_ID;;Field
TEC_PARTY;CALCD_LINKD_PRTY_GRP_ID;;Field
TEC_PARTY;BAL_SHET_DT;;Field
TEC_PARTY;JUDICIAL_STS_STRT_DT;;Field
TEC_PARTY;DFLT_DTTM;;Field
TEC_PARTY;ANACR_GNRTN_DT;;Field
TEC_PARTY;BIRTH_DT;;Field
TEC_PARTY;EXTR_RTG_FITCH_LONG_TERM_RTG_DT;;Field
TEC_PARTY;EXTR_RTG_MOODY_S_LONG_TERM_RTG_DT;;Field
TEC_PARTY;EXTR_RTG_S_P_LONG_TERM_RTG_DT;;Field
TEC_PARTY;RTG_NXT_RVW_DTTM;;Field
TEC_PARTY;JUDICIAL_STS_DT;;Field
TEC_PARTY;PRTY_STS_DT;;Field
TEC_PARTY;PARNT_COL_ID;;Field
TEC_PARTY;PRTY_ACTVY_CD;;Field
TEC_PARTY;DEPT_CD;;Field
TEC_PARTY;ADDR_LN_CROS_DK_TXT;;Field
TEC_PARTY;TRNVR_YR_NUM;;Field
TEC_PARTY;LEGL_CTGY_CD;;Field
TEC_PARTY;INTRNL_APE_CD;;Field
TEC_PARTY;FINC_APLCTN_CD;;Field
TEC_PARTY;CNTPTY_CTGY_CD;;Field
TEC_PARTY;RUN_CORREPONDANT_CD;;Field
TEC_PARTY;OCPTN_TYPE_CD;;Field
TEC_PARTY;TRNVR_CURY_CD;;Field
TEC_PARTY;RWORKED_BAL_SHET_AMT_CURY_CD;;Field
TEC_PARTY;RVALD_LOAN_TO_INCM_AMT_CURY_CD;;Field
TEC_PARTY;RWORKED_NP_AMT_CURY_CD;;Field
TEC_PARTY;CR_QLTY_CD;;Field
TEC_PARTY;TRNVR_NATR_CD;;Field
TEC_PARTY;CNTRL_CTRY_CD;;Field
TEC_PARTY;RGSTRD_OFFC_CTRY_CD;;Field
TEC_PARTY;RISK_CTRY_CD;;Field
TEC_PARTY;TAX_RSDNC_CTRY_CD;;Field
TEC_PARTY;PRTY_BSL_PTFOL_CD;;Field
TEC_PARTY;POSTL_CD_NUM;;Field
TEC_PARTY;SYSIC_RISK_SECTR_CD;;Field
TEC_PARTY;RTG_SEGMT_CD;;Field
TEC_PARTY;JUDICIAL_STS_CD;;Field
TEC_PARTY;SRC_CD;;Field
TEC_PARTY;PRTY_SBTYPE_CD;;Field
TEC_PARTY;PRTY_STS_CD;;Field
TEC_PARTY;POOLG_TYPE_CD;;Field
TEC_PARTY;MN_RLTNSHP_TYPE_CD;;Field
TEC_PARTY;PRTY_TYPE_CD;;Field
TEC_PARTY;PRTY_NAME;;Field
TEC_PARTY;EXRCS_DURTN_NUM;;Field
TEC_PARTY;JUDICIAL_STS_PROG_CD;;Field
TEC_PARTY;LEGL_STS_CD;;Field
TEC_PARTY;CPH_GRP_CD;;Field
TEC_PARTY;PRTY_PRTNR_ID;;Field
TEC_PARTY;PRTY_ECU_ID;;Field
TEC_PARTY;BLOOMBERG_ID;;Field
TEC_PARTY;SWFT_ID;;Field
TEC_PARTY;TAX_ID;;Field
TEC_PARTY;CTRY_ID;;Field
TEC_PARTY;FSCL_ID;;Field
TEC_PARTY;ISIN_ID;;Field
TEC_PARTY;LEI_ID;;Field
TEC_PARTY;LOCL_ID;;Field
TEC_PARTY;NATL_ID;;Field
TEC_PARTY;SIREN_BDF_ID;;Field
TEC_PARTY;SIREN_ID;;Field
TEC_PARTY;LOCL_IDNTFTN_IND;;Field
TEC_PARTY;CNSLDTD_TRNVR_IND;;Field
TEC_PARTY;LRG_FINCL_INSTUTN_IND;;Field
TEC_PARTY;UNRGLTD_FINCL_INSTUTN_IND;;Field
TEC_PARTY;RUN_RTG_IND;;Field
TEC_PARTY;BUSN_TYPE_CD;;Field
TEC_PARTY;PRTY_ACTVY_LB;;Field
TEC_PARTY;INTRNL_APE_LB;;Field
TEC_PARTY;CNTPTY_CTGY_LB;;Field
TEC_PARTY;PRTY_BSL_PTFOL_LB;;Field
TEC_PARTY;PRTY_SBTYPE_LB;;Field
TEC_PARTY;PRTY_DESC;;Field
TEC_PARTY;PRTY_TYPE_LB;;Field
TEC_PARTY;HD_QTR_IND;;Field
TEC_PARTY;CITY_NAME;;Field
TEC_PARTY;PRTY_ACTVY_NORM_CD;;Field
TEC_PARTY;FLOW_TYPE_CD;;Field
TEC_PARTY;FLOW_SCOPE;;Field
TEC_PARTY;HOST_PRTY_NUM;;Field
TEC_PARTY;CPM_GRP_CD;;Field
TEC_PARTY;ORG_TYPE_CD;;Field
TEC_PARTY;PRTY_SHRT_NAME;;Field
TEC_PARTY;RTG_METH_CD;;Field
TEC_PARTY;RTG_MODL_CD;;Field
TEC_PARTY;RTG_PRPS_CD;;Field
TEC_PARTY;UNIT_TRNVR_CURY_CD;;Field
TEC_PARTY;ACTR_TYPE_CD;;Field
TEC_PARTY;EXTR_RTG_FITCH_LONG_TERM_GRADE_VAL;;Field
TEC_PARTY;EXTR_RTG_MOODY_S_LONG_TERM_GRADE_VAL;;Field
TEC_PARTY;EXTR_RTG_S_P_LONG_TERM_GRADE_VAL;;Field
TEC_PARTY;POOLG_CRITRA_VAL;;Field
TEC_PARTY;FNL_CALCD_RTG_GRADE_VAL;;Field
TEC_PARTY;FNL_RTG_GRADE_VAL;;Field
TEC_PARTY;NAFA_GRADE_VAL;;Field
TEC_PARTY;NAFA_AC_GRADE_VAL;;Field
TEC_PARTY;RISK_GRP_GRADE_VAL;;Field
TEC_PARTY;UNIT_TRNVR_AMT;;Field
TEC_PARTY;TRNVR_EURO_AMT;;Field
TEC_PARTY;TRNVR_AMT;;Field
TEC_PARTY;UNIT_TRNVR_EURO_AMT;;Field
TEC_PARTY;RWORKED_NP_EURO_AMT;;Field
TEC_PARTY;RVALD_LOAN_TO_INCM_EURO_AMT;;Field
TEC_PARTY;RVALD_LOAN_TO_INCM_AMT;;Field
TEC_PARTY;RWORKED_NP_AMT;;Field
TEC_PARTY;RWORKED_BAL_SHET_AMT;;Field
TEC_PARTY;RWORKED_BAL_SHET_EURO_AMT;;Field
TEC_PARTY;CNTPTY_QTY;;Field
TEC_PARTY;EMPLES_QTY;;Field
TEC_PARTY;PRBTY_DFLT_RATE;;Field
TEC_IFRS9_TRANCHE;ENT_ID;;Field
TEC_IFRS9_TRANCHE;STTM_DT;;Field
TEC_IFRS9_TRANCHE;CNTRCT_ID;;Field
TEC_IFRS9_TRANCHE;PERSNL_GUAR_ID;;Field
TEC_IFRS9_TRANCHE;REAL_GUAR_ID;;Field
TEC_IFRS9_TRANCHE;.TEC_RECEIVED_GUARANTEE.REAL;;FolderRefView
TEC_IFRS9_TRANCHE;.TEC_RECEIVED_GUARANTEE.PERSNL;;FolderRefView
TEC_IFRS9_TRANCHE;PRCSG_DT;;Field
TEC_IFRS9_TRANCHE;INTRA_GRP_IND_ALCRM;;Field
TEC_IFRS9_TRANCHE;GUARTR_CNTPTY_CTGY_CD;;Field
TEC_IFRS9_TRANCHE;ORIGNL_CNTPTY_CNTPTY_CTGY_CD;;Field
TEC_IFRS9_TRANCHE;GUAR_SPLR_CNTPTY_CTGY_CD;;Field
TEC_IFRS9_TRANCHE;UNDRWN_AMT_CURY_CD;;Field
TEC_IFRS9_TRANCHE;PERSNL_GUAR_RISK_MTGNT_CURY_CD;;Field
TEC_IFRS9_TRANCHE;REAL_GUAR_RISK_MTGNT_CURY_CD;;Field
TEC_IFRS9_TRANCHE;EXPSR_ORIGNL_CURY_CD;;Field
TEC_IFRS9_TRANCHE;CPTL_OUTST_AMT_CURY_CD;;Field
TEC_IFRS9_TRANCHE;ACQ_COST_AMT_CURY_CD;;Field
TEC_IFRS9_TRANCHE;AMRTZD_COST_AMT_CURY_CD;;Field
TEC_IFRS9_TRANCHE;OVRDRFT_BAL_AMT_CURY_CD;;Field
TEC_IFRS9_TRANCHE;ACRUD_INT_NOT_DUE_AMT_CURY_CD;;Field
TEC_IFRS9_TRANCHE;INT_OUTST_AMT_CURY_CD;;Field
TEC_IFRS9_TRANCHE;AGMT_ASSET_LEASG_CURY_CD;;Field
TEC_IFRS9_TRANCHE;LTR_OF_CR_NMNL_AMT_CURY_CD;;Field
TEC_IFRS9_TRANCHE;ORIGNL_OUTST_AMT_CURY_CD;;Field
TEC_IFRS9_TRANCHE;ENDG_LEDGR_BAL_AMT_CURY_CD;;Field
TEC_IFRS9_TRANCHE;PERSNL_GUAR_RISK_MTGNT_CD;;Field
TEC_IFRS9_TRANCHE;REAL_GUAR_RISK_MTGNT_CD;;Field
TEC_IFRS9_TRANCHE;LGD_MODL_OPRTN_CD;;Field
TEC_IFRS9_TRANCHE;LGD_MODL_THIRD_PRTY_GUAR_CD;;Field
TEC_IFRS9_TRANCHE;LGD_MODL_LVL_2_CD;;Field
TEC_IFRS9_TRANCHE;LGD_MODL_LVL_4_CD;;Field
TEC_IFRS9_TRANCHE;PRTNR_LVL_4_CD;;Field
TEC_IFRS9_TRANCHE;PRTNR_LVL_2_CD;;Field
TEC_IFRS9_TRANCHE;CNTPTY_BSL_PTFOL_CD;;Field
TEC_IFRS9_TRANCHE;GUAR_SPLR_BSL_PTFOL_CD;;Field
TEC_IFRS9_TRANCHE;GUARTR_BSL_PTFOL_CD;;Field
TEC_IFRS9_TRANCHE;BSL_PTFOL_CD;;Field
TEC_IFRS9_TRANCHE;PROD_CD;;Field
TEC_IFRS9_TRANCHE;FNL_CNTRPRT_LVL_2_NUM;;Field
TEC_IFRS9_TRANCHE;FNL_CNTRPRT_LVL_4_NUM;;Field
TEC_IFRS9_TRANCHE;AGMT_ASSET_LEAS_RSDUL_AMT_CURY_CD;;Field
TEC_IFRS9_TRANCHE;CALCN_METH_IND;;Field
TEC_IFRS9_TRANCHE;GUARTR_CTRY_GRP_CD;;Field
TEC_IFRS9_TRANCHE;ORIGNL_CNTPTY_CTRY_GRP_CD;;Field
TEC_IFRS9_TRANCHE;ORIGNL_CNTPTY_CENTRL_ID;;Field
TEC_IFRS9_TRANCHE;GUARTR_CENTRL_ID;;Field
TEC_IFRS9_TRANCHE;ORIGNL_CNTPTY_ID;;Field
TEC_IFRS9_TRANCHE;LTR_OF_CR_BNFRY_ID;;Field
TEC_IFRS9_TRANCHE;HOST_CNTRCT_ID;;Field
TEC_IFRS9_TRANCHE;TAKR_ID;;Field
TEC_IFRS9_TRANCHE;GUAR_SPLR_ID;;Field
TEC_IFRS9_TRANCHE;TRNCH_ID;;Field
TEC_IFRS9_TRANCHE;DRWN_AMT_DFLT_STS_CD;;Field
TEC_IFRS9_TRANCHE;UNDRW_IND;;Field
TEC_IFRS9_TRANCHE;THIRD_PRTY_GARANTEE_LVL_2_CNSDRTN_IND;;Field
TEC_IFRS9_TRANCHE;THIRD_PRTY_GARANTEE_LVL_4_CNSDRTN_IND;;Field
TEC_IFRS9_TRANCHE;CLTRL_LVL_2_CNSDRTN_IND;;Field
TEC_IFRS9_TRANCHE;CLTRL_LVL_4_CNSDRTN_IND;;Field
TEC_IFRS9_TRANCHE;CLTRL_IND;;Field
TEC_IFRS9_TRANCHE;ACQ_COST_USE_IND;;Field
TEC_IFRS9_TRANCHE;AMRTZD_COST_USE_IND;;Field
TEC_IFRS9_TRANCHE;PRTY_RTG_METH_CD;;Field
TEC_IFRS9_TRANCHE;PRTY_RTG_METHDGY_CD;;Field
TEC_IFRS9_TRANCHE;ORIGNL_CNTPTY_CTRY_RGLTN_LVL_CD;;Field
TEC_IFRS9_TRANCHE;INTRA_GRP_IND;;Field
TEC_IFRS9_TRANCHE;GUARTR_CTRY_RGLTN_LVL_CD;;Field
TEC_IFRS9_TRANCHE;ORIGNL_CNTPTY_RISK_GRADE_VAL;;Field
TEC_IFRS9_TRANCHE;GUARTR_CTRY_INTRNL_GRADE_VAL;;Field
TEC_IFRS9_TRANCHE;ORIGNL_CNTPTY_CTRY_INTRNL_GRADE_VAL;;Field
TEC_IFRS9_TRANCHE;FLOW_TYPE_CD;;Field
TEC_IFRS9_TRANCHE;GUARTR_CTRY_CD;;Field
TEC_IFRS9_TRANCHE;ORIGNL_CNTPTY_CTRY_CD;;Field
TEC_IFRS9_TRANCHE;FLOW_SCP_CD;;Field
TEC_IFRS9_TRANCHE;AGMT_RISK_OFF_BAL_SHET_IND;;Field
TEC_IFRS9_TRANCHE;SBORD_IND;;Field
TEC_IFRS9_TRANCHE;ACCNTG_RESPONSABL_CTR_CD;;Field
TEC_IFRS9_TRANCHE;BSL_TRNCH_KEY_ID;;Field
TEC_IFRS9_TRANCHE;BSL_TRNCH_LVL_2_AMT_CURY_CD;;Field
TEC_IFRS9_TRANCHE;BSL_TRNCH_LVL_4_AMT_CURY_CD;;Field
TEC_IFRS9_TRANCHE;BSL_TRNVR_AMT_CURY_CD;;Field
TEC_IFRS9_TRANCHE;CLTRL_LVL_2_CRCTD_CNSDRTN_IND;;Field
TEC_IFRS9_TRANCHE;CLTRL_LVL_4_CRCTD_CNSDRTN_IND;;Field
TEC_IFRS9_TRANCHE;DRWN_AMT_CURY_CD;;Field
TEC_IFRS9_TRANCHE;EXCLDG_GUAR_LGD_MODL_OPRTN_CD;;Field
TEC_IFRS9_TRANCHE;EXCLDG_GUAR_RISK_WTD_ASSET_AMT_CURY_CD;;Field
TEC_IFRS9_TRANCHE;GUARTR_TRNVR_AMT_CURY_CD;;Field
TEC_IFRS9_TRANCHE;ORIGNL_CNTPTY_TRNVR_AMT_CURY_CD;;Field
TEC_IFRS9_TRANCHE;PRBTY_DFLT_CD;;Field
TEC_IFRS9_TRANCHE;PRCHD_RECVBL_PREM_AMT_CURY_CD;;Field
TEC_IFRS9_TRANCHE;RLTD_EXPSR_AT_DFLT_AMT_CURY_CD;;Field
TEC_IFRS9_TRANCHE;RISK_WTD_ASSET_AMT_CURY_CD;;Field
TEC_IFRS9_TRANCHE;SRC_CD;;Field
TEC_IFRS9_TRANCHE;THIRD_PRTY_GARANTEE_LVL_2_CRCTD_CNSDRTN_IND;;Field
TEC_IFRS9_TRANCHE;THIRD_PRTY_GARANTEE_LVL_4_CRCTD_CNSDRTN_IND;;Field
TEC_IFRS9_TRANCHE;TRNCH_GRNLT_CD;;Field
TEC_IFRS9_TRANCHE;GUARTR_ACTR_TYPE_CD;;Field
TEC_IFRS9_TRANCHE;ORIGNL_CNTPTY_ACTR_TYPE_CD;;Field
TEC_IFRS9_TRANCHE;GUARTR_RISK_GRADE_VAL;;Field
TEC_IFRS9_TRANCHE;GUARTR_VULNERABL_IND;;Field
TEC_IFRS9_TRANCHE;ORIGNL_CNTPTY_VULNERABL_IND;;Field
TEC_IFRS9_TRANCHE;PERSNL_GUAR_RISK_MTGNT_BSL_CTGY_CD;;Field
TEC_IFRS9_TRANCHE;REAL_GUAR_RISK_MTGNT_BSL_CTGY_CD;;Field
TEC_IFRS9_TRANCHE;GUARTR_RISK_AREA_CD;;Field
TEC_IFRS9_TRANCHE;ORIGNL_CNTPTY_RISK_AREA_CD;;Field
TEC_IFRS9_TRANCHE;PRN_REF_EURO_AMT;;Field
TEC_IFRS9_TRANCHE;CCF_APLD_VAL;;Field
TEC_IFRS9_TRANCHE;CPTL_OUTST_AMT;;Field
TEC_IFRS9_TRANCHE;CPTL_OUTST_EURO_AMT;;Field
TEC_IFRS9_TRANCHE;ORIGNL_CNTPTY_TRNVR_AMT;;Field
TEC_IFRS9_TRANCHE;GUARTR_TRNVR_AMT;;Field
TEC_IFRS9_TRANCHE;ACQ_COST_AMT;;Field
TEC_IFRS9_TRANCHE;AMRTZD_COST_AMT;;Field
TEC_IFRS9_TRANCHE;AMRTZD_COST_EURO_AMT;;Field
TEC_IFRS9_TRANCHE;ORIGNL_OUTST_AMT;;Field
TEC_IFRS9_TRANCHE;TRNCH_LVL_CROS_DK_AMT;;Field
TEC_IFRS9_TRANCHE;OVRDRFT_BAL_EURO_AMT;;Field
TEC_IFRS9_TRANCHE;OVRDRFT_BAL_AMT;;Field
TEC_IFRS9_TRANCHE;ACQ_COST_EURO_AMT;;Field
TEC_IFRS9_TRANCHE;EXPSR_EURO_AMT;;Field
TEC_IFRS9_TRANCHE;EXPSR_AMT;;Field
TEC_IFRS9_TRANCHE;PERSNL_GUAR_ALLOCTD_RISK_MTGNT_EURO_AMT;;Field
TEC_IFRS9_TRANCHE;REAL_GUAR_ALLOCTD_RISK_MTGNT_EURO_AMT;;Field
TEC_IFRS9_TRANCHE;ACRUD_INT_NOT_DUE_AMT;;Field
TEC_IFRS9_TRANCHE;ACRUD_INT_NOT_DUE_EURO_AMT;;Field
TEC_IFRS9_TRANCHE;INT_OUTST_EURO_AMT;;Field
TEC_IFRS9_TRANCHE;INT_OUTST_AMT;;Field
TEC_IFRS9_TRANCHE;AGMT_ASSET_LEASG_AMT;;Field
TEC_IFRS9_TRANCHE;AGMT_ASSET_LEASG_EURO_AMT;;Field
TEC_IFRS9_TRANCHE;LTR_OF_CR_NMNL_EURO_AMT;;Field
TEC_IFRS9_TRANCHE;LTR_OF_CR_NMNL_AMT;;Field
TEC_IFRS9_TRANCHE;ORIGNL_OUTST_EURO_AMT;;Field
TEC_IFRS9_TRANCHE;UNDRWN_AMT;;Field
TEC_IFRS9_TRANCHE;UNDRWN_EURO_AMT;;Field
TEC_IFRS9_TRANCHE;TRNCH_LVL_3_AMT;;Field
TEC_IFRS9_TRANCHE;AGMT_ASSET_LEAS_RSDUL_AMT;;Field
TEC_IFRS9_TRANCHE;AGMT_ASSET_LEAS_RSDUL_EURO_AMT;;Field
TEC_IFRS9_TRANCHE;PD_LVL_2_RATE;;Field
TEC_IFRS9_TRANCHE;ENDG_LEDGR_BAL_AMT;;Field
TEC_IFRS9_TRANCHE;ENDG_LEDGR_BAL_EURO_AMT;;Field
TEC_IFRS9_TRANCHE;LGD_RATE;;Field
TEC_IFRS9_TRANCHE;LGD_LVL_2_RATE;;Field
TEC_IFRS9_TRANCHE;LGD_LVL_4_RATE;;Field
TEC_IFRS9_TRANCHE;ORIGNL_CNTPTY_PD_RATE;;Field
TEC_IFRS9_TRANCHE;GUARTR_PD_RATE;;Field
TEC_IFRS9_TRANCHE;PD_LVL_4_RATE;;Field
TEC_IFRS9_TRANCHE;ALLOCTD_RISK_MTGNT_AMT;;Field
TEC_IFRS9_TRANCHE;BSL_TRNCH_LVL_2_CRCTD_AMT;;Field
TEC_IFRS9_TRANCHE;BSL_TRNCH_LVL_2_EURO_AMT;;Field
TEC_IFRS9_TRANCHE;BSL_TRNCH_LVL_4_CRCTD_AMT;;Field
TEC_IFRS9_TRANCHE;BSL_TRNCH_LVL_4_EURO_AMT;;Field
TEC_IFRS9_TRANCHE;BSL_TRNVR_AMT;;Field
TEC_IFRS9_TRANCHE;BSL_TRNVR_EURO_AMT;;Field
TEC_IFRS9_TRANCHE;CR_CNVRSN_RATE;;Field
TEC_IFRS9_TRANCHE;DRWN_AMT;;Field
TEC_IFRS9_TRANCHE;DRWN_EURO_AMT;;Field
TEC_IFRS9_TRANCHE;EXCLDG_GUAR_LGD_RATE;;Field
TEC_IFRS9_TRANCHE;EXCLDG_GUAR_RISK_WTD_ASSET_AMT;;Field
TEC_IFRS9_TRANCHE;EXCLDG_GUAR_RISK_WTD_ASSET_EURO_AMT;;Field
TEC_IFRS9_TRANCHE;EXPCTD_LOSS_BEST_EST_RATE;;Field
TEC_IFRS9_TRANCHE;GUARTR_TRNVR_EURO_AMT;;Field
TEC_IFRS9_TRANCHE;INDIV_DOSSRS_QTT;;Field
TEC_IFRS9_TRANCHE;ORIGNL_CNTPTY_TRNVR_EURO_AMT;;Field
TEC_IFRS9_TRANCHE;PRVSN_ON_DFLT_THIRD_PRTY_LVL_CROS_DK_AMT;;Field
TEC_IFRS9_TRANCHE;PRVSN_ON_DFLT_THIRD_PRTY_LVL_2_AMT;;Field
TEC_IFRS9_TRANCHE;PRVSN_ON_DFLT_THIRD_PRTY_LVL_3_AMT;;Field
TEC_IFRS9_TRANCHE;PRVSN_ON_DFLT_THIRD_PRTY_LVL_4_AMT;;Field
TEC_IFRS9_TRANCHE;PRCHD_RECVBL_PREM_AMT;;Field
TEC_IFRS9_TRANCHE;PRCHD_RECVBL_PREM_EURO_AMT;;Field
TEC_IFRS9_TRANCHE;RLTD_EXPSR_AT_DFLT_AMT;;Field
TEC_IFRS9_TRANCHE;RLTD_EXPSR_AT_DFLT_EURO_AMT;;Field
TEC_IFRS9_TRANCHE;RLTD_LGD_RATE;;Field
TEC_IFRS9_TRANCHE;RLTD_PRBTY_DFLT_RATE;;Field
TEC_IFRS9_TRANCHE;RSDUL_MATURTY_VAL;;Field
TEC_IFRS9_TRANCHE;RISK_WTD_ASSET_AMT;;Field
TEC_IFRS9_TRANCHE;RISK_WTD_ASSET_EURO_AMT;;Field
